-- MySQL dump 10.13  Distrib 8.0.30, for macos12 (x86_64)
--
-- Host: localhost    Database: terrorist_events
-- ------------------------------------------------------
-- Server version	8.0.30

/*!40101 SET @OLD_CHARACTER_SET_CLIENT=@@CHARACTER_SET_CLIENT */;
/*!40101 SET @OLD_CHARACTER_SET_RESULTS=@@CHARACTER_SET_RESULTS */;
/*!40101 SET @OLD_COLLATION_CONNECTION=@@COLLATION_CONNECTION */;
/*!50503 SET NAMES utf8 */;
/*!40103 SET @OLD_TIME_ZONE=@@TIME_ZONE */;
/*!40103 SET TIME_ZONE='+00:00' */;
/*!40014 SET @OLD_UNIQUE_CHECKS=@@UNIQUE_CHECKS, UNIQUE_CHECKS=0 */;
/*!40014 SET @OLD_FOREIGN_KEY_CHECKS=@@FOREIGN_KEY_CHECKS, FOREIGN_KEY_CHECKS=0 */;
/*!40101 SET @OLD_SQL_MODE=@@SQL_MODE, SQL_MODE='NO_AUTO_VALUE_ON_ZERO' */;
/*!40111 SET @OLD_SQL_NOTES=@@SQL_NOTES, SQL_NOTES=0 */;

--
-- Table structure for table `attack_type`
--

DROP TABLE IF EXISTS `attack_type`;
/*!40101 SET @saved_cs_client     = @@character_set_client */;
/*!50503 SET character_set_client = utf8mb4 */;
CREATE TABLE `attack_type` (
  `attack_id` int NOT NULL AUTO_INCREMENT,
  `attack_description` varchar(45) COLLATE utf8mb4_unicode_ci NOT NULL,
  PRIMARY KEY (`attack_id`)
) ENGINE=InnoDB AUTO_INCREMENT=10 DEFAULT CHARSET=utf8mb4 COLLATE=utf8mb4_unicode_ci;
/*!40101 SET character_set_client = @saved_cs_client */;

--
-- Dumping data for table `attack_type`
--

LOCK TABLES `attack_type` WRITE;
/*!40000 ALTER TABLE `attack_type` DISABLE KEYS */;
INSERT INTO `attack_type` VALUES (1,'Assassination'),(2,'Armed Assault'),(3,'Bombing/Explosion'),(4,'Hijacking'),(5,'Hostage Taking (Barricade Incident)'),(6,'Hostage Taking (Kidnapping)'),(7,'Facility/Infrastructure Attack'),(8,'Unarmed Assault'),(9,'Unknown');
/*!40000 ALTER TABLE `attack_type` ENABLE KEYS */;
UNLOCK TABLES;

--
-- Table structure for table `countries`
--

DROP TABLE IF EXISTS `countries`;
/*!40101 SET @saved_cs_client     = @@character_set_client */;
/*!50503 SET character_set_client = utf8mb4 */;
CREATE TABLE `countries` (
  `country_id` int NOT NULL AUTO_INCREMENT,
  `country_name` varchar(45) COLLATE utf8mb4_unicode_ci NOT NULL,
  `region_id` int NOT NULL,
  PRIMARY KEY (`country_id`),
  KEY `region_id_idx` (`region_id`),
  CONSTRAINT `region_id` FOREIGN KEY (`region_id`) REFERENCES `regions` (`region_id`)
) ENGINE=InnoDB AUTO_INCREMENT=1012 DEFAULT CHARSET=utf8mb4 COLLATE=utf8mb4_unicode_ci;
/*!40101 SET character_set_client = @saved_cs_client */;

--
-- Dumping data for table `countries`
--

LOCK TABLES `countries` WRITE;
/*!40000 ALTER TABLE `countries` DISABLE KEYS */;
INSERT INTO `countries` VALUES (4,'Afghanistan',6),(5,'Albania',9),(6,'Algeria',10),(8,'Angola',11),(11,'Argentina',3),(12,'Armenia',7),(14,'Australia',12),(16,'Azerbaijan',7),(19,'Bangladesh',6),(22,'Belize',2),(28,'Bosnia-Herzegovina',9),(30,'Brazil',3),(32,'Bulgaria',9),(34,'Burundi',11),(36,'Cambodia',5),(38,'Canada',1),(41,'Central African Republic',11),(42,'Chad',11),(44,'China',4),(45,'Colombia',3),(47,'Republic of the Congo',11),(49,'Costa Rica',2),(50,'Croatia',9),(53,'Cyprus',8),(59,'Ecuador',3),(64,'Estonia',9),(65,'Ethiopia',11),(67,'Fiji',12),(69,'France',8),(74,'Georgia',7),(75,'Germany',8),(78,'Greece',8),(83,'Guatemala',2),(84,'Guinea',11),(86,'Guyana',3),(87,'Haiti',2),(88,'Honduras',2),(89,'Hong Kong',4),(92,'India',6),(93,'Indonesia',5),(94,'Iran',10),(95,'Iraq',10),(96,'Ireland',8),(97,'Israel',10),(98,'Italy',8),(99,'Ivory Coast',11),(101,'Japan',4),(102,'Jordan',10),(103,'Kazakhstan',7),(104,'Kenya',11),(106,'Kuwait',10),(107,'Kyrgyzstan',7),(108,'Laos',5),(109,'Latvia',9),(110,'Lebanon',10),(112,'Liberia',11),(118,'Macedonia',9),(121,'Malaysia',5),(124,'Malta',8),(130,'Mexico',1),(137,'Mozambique',11),(138,'Myanmar',5),(139,'Namibia',11),(141,'Nepal',6),(145,'Nicaragua',2),(147,'Nigeria',11),(151,'Norway',8),(153,'Pakistan',6),(155,'West Bank and Gaza Strip',10),(156,'Panama',2),(159,'Peru',3),(160,'Philippines',5),(167,'Russia',9),(168,'Rwanda',11),(173,'Saudi Arabia',10),(174,'Senegal',11),(175,'Serbia-Montenegro',9),(177,'Sierra Leone',11),(181,'Solomon Islands',12),(182,'Somalia',11),(183,'South Africa',11),(184,'South Korea',4),(185,'Spain',8),(186,'Sri Lanka',6),(190,'St. Lucia',2),(195,'Sudan',11),(199,'Switzerland',8),(200,'Syria',10),(201,'Taiwan',4),(202,'Tajikistan',7),(203,'Tanzania',11),(205,'Thailand',5),(208,'Tunisia',10),(209,'Turkey',10),(210,'Turkmenistan',7),(213,'Uganda',11),(214,'Ukraine',9),(217,'United States',1),(219,'Uzbekistan',7),(222,'Venezuela',3),(228,'Yemen',10),(229,'Democratic Republic of the Congo',11),(231,'Zimbabwe',11),(235,'Yugoslavia',9),(347,'East Timor',5),(422,'International',10),(603,'United Kingdom',8),(1002,'Montenegro',9),(1003,'Kosovo',9);
/*!40000 ALTER TABLE `countries` ENABLE KEYS */;
UNLOCK TABLES;

--
-- Table structure for table `event_attack_types`
--

DROP TABLE IF EXISTS `event_attack_types`;
/*!40101 SET @saved_cs_client     = @@character_set_client */;
/*!50503 SET character_set_client = utf8mb4 */;
CREATE TABLE `event_attack_types` (
  `event_id` int NOT NULL,
  `attack_id` int NOT NULL,
  PRIMARY KEY (`event_id`,`attack_id`),
  KEY `attack_id_idx` (`attack_id`),
  CONSTRAINT `attack_id` FOREIGN KEY (`attack_id`) REFERENCES `attack_type` (`attack_id`),
  CONSTRAINT `event_id` FOREIGN KEY (`event_id`) REFERENCES `events` (`event_id`)
) ENGINE=InnoDB DEFAULT CHARSET=utf8mb4 COLLATE=utf8mb4_unicode_ci;
/*!40101 SET character_set_client = @saved_cs_client */;

--
-- Dumping data for table `event_attack_types`
--

LOCK TABLES `event_attack_types` WRITE;
/*!40000 ALTER TABLE `event_attack_types` DISABLE KEYS */;
INSERT INTO `event_attack_types` VALUES (2,1),(12,1),(172,1),(250,1),(324,1),(368,1),(406,1),(496,1),(531,1),(547,1),(567,1),(570,1),(578,1),(593,1),(598,1),(654,1),(669,1),(676,1),(682,1),(689,1),(705,1),(722,1),(724,1),(728,1),(738,1),(759,1),(819,1),(826,1),(827,1),(845,1),(861,1),(946,1),(1025,1),(1045,1),(1063,1),(1065,1),(1089,1),(1137,1),(1145,1),(1151,1),(1169,1),(1199,1),(1202,1),(1256,1),(1278,1),(1281,1),(1291,1),(1292,1),(1296,1),(1297,1),(1308,1),(1311,1),(1312,1),(1335,1),(1360,1),(1381,1),(1394,1),(1395,1),(1419,1),(1423,1),(1432,1),(1434,1),(1442,1),(1459,1),(1478,1),(1509,1),(1524,1),(1532,1),(1543,1),(1570,1),(1584,1),(1604,1),(1615,1),(1642,1),(1716,1),(1724,1),(1740,1),(1746,1),(1780,1),(1786,1),(1789,1),(1794,1),(1798,1),(1806,1),(1817,1),(1842,1),(1851,1),(1889,1),(1976,1),(1986,1),(1995,1),(2009,1),(2011,1),(2022,1),(2130,1),(2206,1),(2208,1),(2209,1),(2219,1),(2223,1),(2225,1),(2252,1),(2273,1),(2287,1),(2326,1),(2342,1),(2376,1),(2402,1),(2407,1),(2413,1),(2440,1),(2441,1),(2501,1),(2514,1),(2640,1),(2641,1),(2644,1),(2645,1),(2649,1),(2650,1),(2651,1),(2659,1),(2684,1),(2714,1),(2735,1),(2738,1),(2767,1),(2773,1),(2777,1),(2779,1),(2793,1),(2806,1),(2812,1),(2849,1),(2931,1),(2983,1),(2992,1),(2996,1),(3024,1),(3032,1),(3068,1),(3076,1),(3084,1),(3114,1),(3173,1),(3174,1),(3226,1),(3253,1),(3321,1),(3343,1),(3345,1),(3367,1),(3381,1),(3382,1),(3386,1),(3400,1),(3402,1),(3447,1),(18,2),(20,2),(24,2),(45,2),(47,2),(48,2),(53,2),(58,2),(74,2),(111,2),(113,2),(118,2),(144,2),(146,2),(154,2),(175,2),(202,2),(220,2),(234,2),(235,2),(239,2),(267,2),(269,2),(284,2),(337,2),(341,2),(358,2),(359,2),(366,2),(400,2),(404,2),(407,2),(427,2),(429,2),(435,2),(439,2),(448,2),(450,2),(475,2),(516,2),(521,2),(527,2),(530,2),(544,2),(546,2),(548,2),(560,2),(564,2),(568,2),(569,2),(579,2),(603,2),(605,2),(606,2),(609,2),(614,2),(619,2),(622,2),(626,2),(628,2),(645,2),(647,2),(649,2),(650,2),(651,2),(658,2),(667,2),(674,2),(677,2),(681,2),(699,2),(701,2),(704,2),(706,2),(707,2),(708,2),(709,2),(710,2),(711,2),(715,2),(721,2),(735,2),(754,2),(768,2),(778,2),(787,2),(796,2),(798,2),(800,2),(801,2),(803,2),(806,2),(807,2),(808,2),(809,2),(810,2),(815,2),(818,2),(822,2),(843,2),(846,2),(850,2),(853,2),(857,2),(863,2),(867,2),(870,2),(873,2),(874,2),(875,2),(876,2),(878,2),(880,2),(882,2),(891,2),(893,2),(894,2),(900,2),(904,2),(906,2),(917,2),(918,2),(921,2),(922,2),(928,2),(929,2),(930,2),(935,2),(952,2),(965,2),(971,2),(973,2),(980,2),(982,2),(983,2),(986,2),(987,2),(988,2),(990,2),(994,2),(995,2),(996,2),(1000,2),(1002,2),(1010,2),(1012,2),(1014,2),(1016,2),(1017,2),(1019,2),(1025,2),(1032,2),(1037,2),(1046,2),(1048,2),(1050,2),(1052,2),(1053,2),(1058,2),(1061,2),(1066,2),(1072,2),(1073,2),(1074,2),(1075,2),(1076,2),(1077,2),(1084,2),(1086,2),(1090,2),(1092,2),(1093,2),(1097,2),(1099,2),(1100,2),(1104,2),(1105,2),(1108,2),(1112,2),(1114,2),(1117,2),(1119,2),(1120,2),(1122,2),(1123,2),(1124,2),(1126,2),(1127,2),(1130,2),(1131,2),(1132,2),(1133,2),(1134,2),(1138,2),(1141,2),(1148,2),(1149,2),(1153,2),(1155,2),(1163,2),(1164,2),(1165,2),(1172,2),(1173,2),(1174,2),(1176,2),(1178,2),(1184,2),(1187,2),(1189,2),(1192,2),(1193,2),(1196,2),(1197,2),(1198,2),(1211,2),(1217,2),(1224,2),(1225,2),(1227,2),(1229,2),(1231,2),(1233,2),(1235,2),(1250,2),(1251,2),(1255,2),(1259,2),(1261,2),(1266,2),(1270,2),(1271,2),(1273,2),(1276,2),(1279,2),(1282,2),(1283,2),(1285,2),(1286,2),(1289,2),(1290,2),(1293,2),(1295,2),(1298,2),(1300,2),(1301,2),(1302,2),(1307,2),(1314,2),(1316,2),(1318,2),(1322,2),(1327,2),(1330,2),(1331,2),(1334,2),(1336,2),(1340,2),(1341,2),(1344,2),(1346,2),(1347,2),(1351,2),(1358,2),(1361,2),(1363,2),(1364,2),(1367,2),(1368,2),(1369,2),(1375,2),(1382,2),(1383,2),(1385,2),(1392,2),(1400,2),(1402,2),(1405,2),(1413,2),(1417,2),(1418,2),(1422,2),(1428,2),(1437,2),(1450,2),(1452,2),(1457,2),(1460,2),(1461,2),(1466,2),(1474,2),(1479,2),(1480,2),(1497,2),(1498,2),(1503,2),(1507,2),(1508,2),(1513,2),(1517,2),(1518,2),(1519,2),(1530,2),(1531,2),(1533,2),(1536,2),(1538,2),(1549,2),(1553,2),(1556,2),(1558,2),(1559,2),(1563,2),(1574,2),(1575,2),(1594,2),(1616,2),(1620,2),(1651,2),(1653,2),(1661,2),(1689,2),(1702,2),(1711,2),(1725,2),(1737,2),(1743,2),(1745,2),(1747,2),(1753,2),(1754,2),(1755,2),(1767,2),(1768,2),(1769,2),(1774,2),(1782,2),(1790,2),(1793,2),(1795,2),(1799,2),(1805,2),(1811,2),(1814,2),(1816,2),(1818,2),(1820,2),(1828,2),(1847,2),(1848,2),(1853,2),(1858,2),(1859,2),(1860,2),(1862,2),(1865,2),(1866,2),(1867,2),(1868,2),(1869,2),(1870,2),(1872,2),(1876,2),(1878,2),(1880,2),(1881,2),(1882,2),(1883,2),(1888,2),(1896,2),(1905,2),(1910,2),(1914,2),(1917,2),(1918,2),(1919,2),(1921,2),(1922,2),(1927,2),(1932,2),(1934,2),(1943,2),(1950,2),(1957,2),(1959,2),(1961,2),(1962,2),(1963,2),(1971,2),(1972,2),(1974,2),(1977,2),(1983,2),(1984,2),(1987,2),(1993,2),(1996,2),(1998,2),(2000,2),(2001,2),(2003,2),(2010,2),(2013,2),(2016,2),(2020,2),(2027,2),(2030,2),(2034,2),(2038,2),(2043,2),(2050,2),(2055,2),(2056,2),(2057,2),(2058,2),(2068,2),(2072,2),(2075,2),(2077,2),(2080,2),(2081,2),(2082,2),(2083,2),(2084,2),(2099,2),(2101,2),(2106,2),(2107,2),(2109,2),(2110,2),(2111,2),(2116,2),(2118,2),(2121,2),(2122,2),(2126,2),(2127,2),(2131,2),(2132,2),(2133,2),(2136,2),(2138,2),(2144,2),(2146,2),(2147,2),(2152,2),(2155,2),(2156,2),(2158,2),(2159,2),(2160,2),(2171,2),(2175,2),(2186,2),(2187,2),(2200,2),(2201,2),(2204,2),(2205,2),(2210,2),(2211,2),(2213,2),(2220,2),(2221,2),(2222,2),(2226,2),(2227,2),(2228,2),(2230,2),(2231,2),(2232,2),(2235,2),(2236,2),(2237,2),(2240,2),(2241,2),(2242,2),(2248,2),(2249,2),(2250,2),(2251,2),(2254,2),(2255,2),(2268,2),(2269,2),(2270,2),(2271,2),(2272,2),(2278,2),(2280,2),(2281,2),(2284,2),(2285,2),(2289,2),(2294,2),(2296,2),(2305,2),(2323,2),(2327,2),(2332,2),(2340,2),(2359,2),(2379,2),(2380,2),(2381,2),(2382,2),(2383,2),(2384,2),(2389,2),(2393,2),(2396,2),(2397,2),(2399,2),(2400,2),(2403,2),(2408,2),(2417,2),(2421,2),(2431,2),(2438,2),(2445,2),(2446,2),(2451,2),(2477,2),(2490,2),(2504,2),(2505,2),(2506,2),(2507,2),(2510,2),(2513,2),(2517,2),(2526,2),(2529,2),(2535,2),(2537,2),(2544,2),(2548,2),(2549,2),(2552,2),(2553,2),(2554,2),(2556,2),(2559,2),(2563,2),(2565,2),(2569,2),(2581,2),(2583,2),(2605,2),(2609,2),(2623,2),(2629,2),(2630,2),(2631,2),(2632,2),(2634,2),(2637,2),(2642,2),(2652,2),(2656,2),(2657,2),(2663,2),(2672,2),(2673,2),(2674,2),(2675,2),(2678,2),(2679,2),(2680,2),(2682,2),(2692,2),(2693,2),(2696,2),(2711,2),(2725,2),(2736,2),(2739,2),(2751,2),(2752,2),(2754,2),(2756,2),(2757,2),(2758,2),(2768,2),(2776,2),(2784,2),(2786,2),(2805,2),(2807,2),(2813,2),(2815,2),(2820,2),(2847,2),(2861,2),(2866,2),(2887,2),(2888,2),(2890,2),(2897,2),(2898,2),(2899,2),(2901,2),(2902,2),(2912,2),(2919,2),(2923,2),(2959,2),(2962,2),(2965,2),(2986,2),(2987,2),(2991,2),(2995,2),(2997,2),(2998,2),(2999,2),(3000,2),(3001,2),(3002,2),(3005,2),(3006,2),(3011,2),(3016,2),(3017,2),(3018,2),(3021,2),(3026,2),(3028,2),(3031,2),(3040,2),(3046,2),(3051,2),(3055,2),(3056,2),(3060,2),(3066,2),(3087,2),(3088,2),(3093,2),(3096,2),(3109,2),(3119,2),(3124,2),(3132,2),(3138,2),(3147,2),(3149,2),(3167,2),(3183,2),(3184,2),(3212,2),(3221,2),(3233,2),(3235,2),(3254,2),(3263,2),(3265,2),(3283,2),(3299,2),(3300,2),(3304,2),(3315,2),(3319,2),(3322,2),(3329,2),(3330,2),(3332,2),(3335,2),(3342,2),(3348,2),(3357,2),(3366,2),(3368,2),(3370,2),(3371,2),(3372,2),(3375,2),(3376,2),(3377,2),(3383,2),(3386,2),(3387,2),(3394,2),(3395,2),(3399,2),(3401,2),(3404,2),(3406,2),(3411,2),(3416,2),(3418,2),(3425,2),(3446,2),(3449,2),(3450,2),(3453,2),(1,3),(4,3),(6,3),(7,3),(14,3),(16,3),(19,3),(21,3),(22,3),(23,3),(25,3),(29,3),(30,3),(35,3),(36,3),(37,3),(38,3),(39,3),(40,3),(41,3),(42,3),(44,3),(45,3),(46,3),(49,3),(53,3),(54,3),(55,3),(57,3),(63,3),(64,3),(69,3),(70,3),(76,3),(78,3),(99,3),(100,3),(101,3),(104,3),(105,3),(107,3),(108,3),(109,3),(110,3),(114,3),(119,3),(126,3),(132,3),(133,3),(135,3),(136,3),(139,3),(141,3),(142,3),(143,3),(147,3),(165,3),(184,3),(191,3),(200,3),(204,3),(205,3),(206,3),(258,3),(290,3),(298,3),(352,3),(356,3),(360,3),(362,3),(366,3),(373,3),(414,3),(433,3),(470,3),(472,3),(490,3),(502,3),(503,3),(513,3),(516,3),(517,3),(525,3),(530,3),(531,3),(536,3),(569,3),(570,3),(573,3),(574,3),(587,3),(592,3),(594,3),(595,3),(607,3),(610,3),(612,3),(613,3),(615,3),(616,3),(620,3),(621,3),(623,3),(624,3),(625,3),(629,3),(631,3),(648,3),(655,3),(659,3),(662,3),(666,3),(668,3),(670,3),(672,3),(673,3),(674,3),(678,3),(679,3),(680,3),(692,3),(697,3),(702,3),(703,3),(704,3),(712,3),(719,3),(720,3),(723,3),(727,3),(731,3),(733,3),(735,3),(737,3),(748,3),(769,3),(770,3),(774,3),(775,3),(776,3),(779,3),(780,3),(781,3),(783,3),(787,3),(794,3),(795,3),(797,3),(811,3),(823,3),(824,3),(829,3),(832,3),(833,3),(834,3),(836,3),(839,3),(840,3),(843,3),(847,3),(848,3),(852,3),(854,3),(855,3),(856,3),(858,3),(859,3),(862,3),(864,3),(865,3),(866,3),(868,3),(869,3),(871,3),(872,3),(877,3),(879,3),(881,3),(883,3),(884,3),(885,3),(887,3),(888,3),(889,3),(890,3),(892,3),(895,3),(896,3),(897,3),(898,3),(899,3),(901,3),(908,3),(914,3),(923,3),(934,3),(936,3),(939,3),(941,3),(945,3),(947,3),(948,3),(954,3),(962,3),(964,3),(969,3),(970,3),(975,3),(976,3),(978,3),(979,3),(981,3),(989,3),(991,3),(993,3),(1001,3),(1012,3),(1013,3),(1015,3),(1019,3),(1020,3),(1021,3),(1022,3),(1035,3),(1038,3),(1039,3),(1041,3),(1044,3),(1047,3),(1049,3),(1054,3),(1056,3),(1057,3),(1059,3),(1062,3),(1068,3),(1069,3),(1070,3),(1071,3),(1081,3),(1082,3),(1091,3),(1098,3),(1101,3),(1106,3),(1107,3),(1109,3),(1110,3),(1111,3),(1113,3),(1121,3),(1123,3),(1128,3),(1135,3),(1136,3),(1140,3),(1141,3),(1144,3),(1146,3),(1147,3),(1149,3),(1154,3),(1157,3),(1158,3),(1160,3),(1166,3),(1167,3),(1171,3),(1179,3),(1203,3),(1205,3),(1206,3),(1207,3),(1209,3),(1212,3),(1213,3),(1216,3),(1218,3),(1219,3),(1222,3),(1223,3),(1230,3),(1232,3),(1237,3),(1238,3),(1239,3),(1240,3),(1241,3),(1242,3),(1243,3),(1244,3),(1245,3),(1246,3),(1249,3),(1253,3),(1254,3),(1262,3),(1263,3),(1264,3),(1265,3),(1267,3),(1268,3),(1269,3),(1272,3),(1273,3),(1275,3),(1277,3),(1280,3),(1284,3),(1288,3),(1299,3),(1303,3),(1305,3),(1306,3),(1310,3),(1313,3),(1316,3),(1320,3),(1321,3),(1328,3),(1329,3),(1333,3),(1338,3),(1339,3),(1345,3),(1356,3),(1357,3),(1359,3),(1362,3),(1370,3),(1371,3),(1372,3),(1373,3),(1374,3),(1376,3),(1377,3),(1380,3),(1387,3),(1388,3),(1397,3),(1402,3),(1404,3),(1406,3),(1407,3),(1410,3),(1411,3),(1415,3),(1416,3),(1417,3),(1424,3),(1425,3),(1426,3),(1427,3),(1430,3),(1431,3),(1433,3),(1435,3),(1436,3),(1439,3),(1440,3),(1441,3),(1443,3),(1445,3),(1447,3),(1448,3),(1449,3),(1451,3),(1452,3),(1455,3),(1456,3),(1460,3),(1461,3),(1464,3),(1465,3),(1467,3),(1469,3),(1470,3),(1474,3),(1477,3),(1491,3),(1495,3),(1504,3),(1505,3),(1506,3),(1511,3),(1514,3),(1515,3),(1516,3),(1517,3),(1520,3),(1521,3),(1523,3),(1537,3),(1539,3),(1542,3),(1544,3),(1545,3),(1546,3),(1548,3),(1550,3),(1555,3),(1568,3),(1572,3),(1573,3),(1581,3),(1582,3),(1585,3),(1591,3),(1596,3),(1609,3),(1618,3),(1624,3),(1631,3),(1669,3),(1673,3),(1680,3),(1712,3),(1717,3),(1727,3),(1729,3),(1730,3),(1731,3),(1732,3),(1748,3),(1779,3),(1783,3),(1784,3),(1785,3),(1792,3),(1807,3),(1808,3),(1809,3),(1810,3),(1812,3),(1816,3),(1819,3),(1821,3),(1822,3),(1823,3),(1824,3),(1828,3),(1830,3),(1836,3),(1840,3),(1841,3),(1849,3),(1858,3),(1859,3),(1863,3),(1864,3),(1873,3),(1877,3),(1881,3),(1883,3),(1888,3),(1893,3),(1902,3),(1903,3),(1924,3),(1926,3),(1928,3),(1929,3),(1930,3),(1933,3),(1936,3),(1937,3),(1938,3),(1939,3),(1940,3),(1941,3),(1942,3),(1943,3),(1944,3),(1945,3),(1961,3),(1963,3),(1964,3),(1975,3),(1977,3),(1978,3),(1979,3),(1980,3),(1982,3),(1986,3),(1991,3),(2001,3),(2002,3),(2004,3),(2005,3),(2012,3),(2014,3),(2015,3),(2023,3),(2024,3),(2025,3),(2026,3),(2032,3),(2033,3),(2035,3),(2036,3),(2037,3),(2038,3),(2041,3),(2043,3),(2044,3),(2045,3),(2047,3),(2052,3),(2054,3),(2060,3),(2075,3),(2087,3),(2097,3),(2100,3),(2105,3),(2108,3),(2113,3),(2121,3),(2123,3),(2124,3),(2125,3),(2137,3),(2140,3),(2142,3),(2148,3),(2161,3),(2163,3),(2165,3),(2167,3),(2170,3),(2172,3),(2174,3),(2190,3),(2194,3),(2204,3),(2216,3),(2227,3),(2229,3),(2236,3),(2239,3),(2243,3),(2244,3),(2245,3),(2246,3),(2247,3),(2253,3),(2254,3),(2256,3),(2257,3),(2259,3),(2261,3),(2262,3),(2263,3),(2264,3),(2265,3),(2266,3),(2267,3),(2274,3),(2275,3),(2276,3),(2282,3),(2283,3),(2291,3),(2292,3),(2293,3),(2295,3),(2298,3),(2299,3),(2300,3),(2301,3),(2302,3),(2306,3),(2308,3),(2309,3),(2310,3),(2312,3),(2313,3),(2314,3),(2316,3),(2318,3),(2320,3),(2321,3),(2323,3),(2325,3),(2329,3),(2333,3),(2334,3),(2335,3),(2336,3),(2337,3),(2338,3),(2340,3),(2344,3),(2361,3),(2364,3),(2365,3),(2367,3),(2377,3),(2388,3),(2391,3),(2398,3),(2403,3),(2405,3),(2412,3),(2415,3),(2420,3),(2428,3),(2430,3),(2433,3),(2452,3),(2454,3),(2458,3),(2464,3),(2480,3),(2484,3),(2487,3),(2489,3),(2491,3),(2520,3),(2537,3),(2538,3),(2546,3),(2549,3),(2559,3),(2562,3),(2565,3),(2604,3),(2606,3),(2607,3),(2629,3),(2631,3),(2635,3),(2639,3),(2643,3),(2646,3),(2662,3),(2673,3),(2682,3),(2686,3),(2688,3),(2695,3),(2696,3),(2701,3),(2709,3),(2710,3),(2713,3),(2717,3),(2730,3),(2734,3),(2737,3),(2740,3),(2742,3),(2745,3),(2748,3),(2755,3),(2758,3),(2759,3),(2760,3),(2763,3),(2765,3),(2766,3),(2769,3),(2770,3),(2771,3),(2778,3),(2796,3),(2797,3),(2801,3),(2809,3),(2814,3),(2817,3),(2821,3),(2824,3),(2825,3),(2834,3),(2848,3),(2858,3),(2873,3),(2879,3),(2881,3),(2882,3),(2883,3),(2887,3),(2893,3),(2895,3),(2906,3),(2913,3),(2922,3),(2974,3),(2979,3),(2981,3),(2993,3),(3012,3),(3014,3),(3018,3),(3033,3),(3038,3),(3040,3),(3047,3),(3048,3),(3052,3),(3054,3),(3060,3),(3061,3),(3062,3),(3067,3),(3073,3),(3074,3),(3081,3),(3082,3),(3087,3),(3088,3),(3090,3),(3092,3),(3094,3),(3098,3),(3099,3),(3103,3),(3107,3),(3108,3),(3110,3),(3114,3),(3117,3),(3150,3),(3151,3),(3152,3),(3153,3),(3154,3),(3162,3),(3163,3),(3171,3),(3174,3),(3180,3),(3181,3),(3187,3),(3190,3),(3191,3),(3192,3),(3193,3),(3210,3),(3211,3),(3220,3),(3225,3),(3232,3),(3233,3),(3236,3),(3238,3),(3263,3),(3265,3),(3268,3),(3287,3),(3294,3),(3300,3),(3304,3),(3305,3),(3308,3),(3316,3),(3322,3),(3327,3),(3329,3),(3332,3),(3340,3),(3342,3),(3344,3),(3346,3),(3351,3),(3355,3),(3357,3),(3358,3),(3361,3),(3365,3),(3366,3),(3378,3),(3380,3),(3401,3),(3405,3),(3407,3),(3408,3),(3409,3),(3412,3),(3413,3),(3414,3),(3417,3),(3419,3),(3421,3),(3422,3),(3432,3),(3433,3),(3434,3),(3437,3),(3442,3),(3443,3),(3451,3),(51,4),(304,4),(340,4),(539,4),(953,4),(963,4),(984,4),(1214,4),(1236,4),(1375,4),(1575,4),(1621,4),(1745,4),(1915,4),(2090,4),(2233,4),(2741,4),(8,5),(11,5),(15,5),(652,5),(2073,5),(2443,5),(2552,5),(3173,5),(111,6),(128,6),(191,6),(265,6),(358,6),(400,6),(402,6),(462,6),(468,6),(482,6),(497,6),(519,6),(528,6),(604,6),(605,6),(608,6),(609,6),(611,6),(626,6),(658,6),(671,6),(677,6),(684,6),(685,6),(686,6),(687,6),(688,6),(690,6),(698,6),(716,6),(717,6),(746,6),(747,6),(749,6),(778,6),(790,6),(796,6),(807,6),(809,6),(825,6),(830,6),(831,6),(835,6),(863,6),(880,6),(886,6),(907,6),(933,6),(982,6),(986,6),(1002,6),(1010,6),(1014,6),(1016,6),(1017,6),(1023,6),(1027,6),(1032,6),(1067,6),(1078,6),(1088,6),(1092,6),(1094,6),(1099,6),(1104,6),(1110,6),(1116,6),(1122,6),(1142,6),(1156,6),(1170,6),(1175,6),(1180,6),(1187,6),(1198,6),(1200,6),(1201,6),(1220,6),(1244,6),(1314,6),(1315,6),(1317,6),(1319,6),(1350,6),(1351,6),(1367,6),(1382,6),(1400,6),(1472,6),(1476,6),(1496,6),(1498,6),(1508,6),(1510,6),(1512,6),(1520,6),(1522,6),(1528,6),(1531,6),(1538,6),(1549,6),(1559,6),(1562,6),(1564,6),(1565,6),(1566,6),(1567,6),(1594,6),(1621,6),(1711,6),(1726,6),(1775,6),(1781,6),(1787,6),(1803,6),(1815,6),(1829,6),(1834,6),(1871,6),(1872,6),(1874,6),(1882,6),(1883,6),(1885,6),(1886,6),(1887,6),(1890,6),(1918,6),(1950,6),(1960,6),(1992,6),(1997,6),(1998,6),(2007,6),(2021,6),(2049,6),(2051,6),(2056,6),(2062,6),(2063,6),(2068,6),(2072,6),(2075,6),(2080,6),(2081,6),(2082,6),(2083,6),(2084,6),(2101,6),(2102,6),(2106,6),(2111,6),(2114,6),(2164,6),(2196,6),(2203,6),(2207,6),(2211,6),(2212,6),(2217,6),(2222,6),(2230,6),(2234,6),(2238,6),(2248,6),(2268,6),(2271,6),(2289,6),(2399,6),(2404,6),(2417,6),(2442,6),(2447,6),(2465,6),(2505,6),(2629,6),(2706,6),(2722,6),(2725,6),(2736,6),(2751,6),(2786,6),(2832,6),(2899,6),(2919,6),(2935,6),(2975,6),(2982,6),(2988,6),(2998,6),(3001,6),(3014,6),(3020,6),(3031,6),(3065,6),(3116,6),(3167,6),(3330,6),(3415,6),(3,7),(5,7),(9,7),(10,7),(13,7),(17,7),(26,7),(27,7),(28,7),(31,7),(32,7),(33,7),(34,7),(43,7),(50,7),(52,7),(89,7),(115,7),(130,7),(148,7),(149,7),(209,7),(210,7),(231,7),(235,7),(264,7),(277,7),(323,7),(338,7),(341,7),(350,7),(357,7),(363,7),(374,7),(441,7),(471,7),(520,7),(532,7),(581,7),(583,7),(599,7),(695,7),(732,7),(786,7),(789,7),(807,7),(816,7),(821,7),(822,7),(860,7),(909,7),(974,7),(977,7),(1000,7),(1023,7),(1028,7),(1029,7),(1103,7),(1115,7),(1141,7),(1143,7),(1162,7),(1197,7),(1198,7),(1221,7),(1251,7),(1274,7),(1304,7),(1403,7),(1414,7),(1462,7),(1481,7),(1482,7),(1501,7),(1580,7),(1614,7),(1622,7),(1800,7),(1805,7),(1895,7),(1969,7),(1970,7),(1974,7),(2017,7),(2077,7),(2080,7),(2081,7),(2082,7),(2083,7),(2084,7),(2112,7),(2159,7),(2195,7),(2202,7),(2224,7),(2236,7),(2237,7),(2240,7),(2241,7),(2242,7),(2260,7),(2277,7),(2371,7),(2420,7),(2426,7),(2434,7),(2474,7),(2485,7),(2488,7),(2541,7),(2547,7),(2555,7),(2567,7),(2633,7),(2722,7),(2729,7),(2762,7),(2837,7),(2838,7),(2852,7),(2866,7),(2940,7),(2980,7),(2998,7),(3027,7),(3157,7),(3158,7),(3161,7),(3168,7),(3320,7),(3368,7),(81,8),(274,8),(379,8),(514,8),(537,8),(538,8),(540,8),(575,8),(777,8),(792,8),(950,8),(1067,8),(1079,8),(1094,8),(1326,8),(1506,8),(1595,8),(1722,8),(1796,8),(1797,8),(1804,8),(1827,8),(1989,8),(1994,8),(56,9),(73,9),(155,9),(257,9),(584,9),(601,9),(634,9),(730,9),(739,9),(740,9),(784,9),(799,9),(802,9),(828,9),(837,9),(905,9),(985,9),(1087,9),(1095,9),(1096,9),(1102,9),(1139,9),(1152,9),(1161,9),(1181,9),(1191,9),(1204,9),(1247,9),(1323,9),(1324,9),(1325,9),(1342,9),(1384,9),(1399,9),(1444,9),(1489,9),(1526,9),(1551,9),(1554,9),(1788,9),(1791,9),(1833,9),(1852,9),(1855,9),(2028,9),(2029,9),(2053,9),(2135,9),(2258,9),(2286,9),(2297,9),(2343,9),(2444,9),(2450,9),(2475,9),(2515,9),(2528,9),(2532,9),(2582,9),(2591,9),(2592,9),(2627,9),(2705,9),(2716,9),(2878,9),(2885,9),(3359,9);
/*!40000 ALTER TABLE `event_attack_types` ENABLE KEYS */;
UNLOCK TABLES;

--
-- Table structure for table `events`
--

DROP TABLE IF EXISTS `events`;
/*!40101 SET @saved_cs_client     = @@character_set_client */;
/*!50503 SET character_set_client = utf8mb4 */;
CREATE TABLE `events` (
  `event_id` int NOT NULL,
  `date` date NOT NULL,
  `location_id` int NOT NULL,
  `num_killed` int DEFAULT NULL,
  `num_injured` int DEFAULT NULL,
  `group_id` int NOT NULL,
  `num_perpetrators` int DEFAULT NULL,
  `target_id` int NOT NULL,
  PRIMARY KEY (`event_id`),
  KEY `location_id_idx` (`location_id`),
  KEY `group_id_idx` (`group_id`),
  KEY `target_id_idx` (`target_id`),
  CONSTRAINT `location_id` FOREIGN KEY (`location_id`) REFERENCES `locations` (`location_id`),
  CONSTRAINT `perpetrator_id` FOREIGN KEY (`group_id`) REFERENCES `groups` (`group_id`),
  CONSTRAINT `target_id` FOREIGN KEY (`target_id`) REFERENCES `target_type` (`target_id`)
) ENGINE=InnoDB DEFAULT CHARSET=utf8mb4 COLLATE=utf8mb4_unicode_ci;
/*!40101 SET character_set_client = @saved_cs_client */;

--
-- Dumping data for table `events`
--

LOCK TABLES `events` WRITE;
/*!40000 ALTER TABLE `events` DISABLE KEYS */;
INSERT INTO `events` VALUES (1,'1995-03-28',765,0,0,23,2,21),(2,'1995-11-04',811,1,1,97,1,17),(3,'1995-04-11',459,0,0,19,-99,5),(4,'1995-04-13',586,0,0,211,-99,21),(5,'1995-04-14',460,0,0,19,-99,5),(6,'1995-04-15',446,0,0,211,-99,5),(7,'1995-05-04',932,0,0,21,-99,41),(8,'1995-05-23',1033,0,0,34,2,3),(9,'1995-06-10',456,0,0,19,-99,7),(10,'1995-06-15',473,0,0,19,1,7),(11,'1995-08-30',112,0,0,34,5,3),(12,'1995-10-26',432,1,0,111,-99,18),(13,'1995-11-07',725,0,0,21,-99,40),(14,'1995-11-24',1459,18,50,111,2,27),(15,'1995-12-08',18,8,4,39,1,7),(16,'1995-11-11',1458,19,59,111,2,27),(17,'1995-12-24',1600,0,0,19,1,7),(18,'1995-12-25',1701,14,20,83,500,67),(19,'1996-04-01',693,0,0,157,3,53),(20,'1996-04-01',692,0,0,157,3,3),(21,'1996-04-12',857,0,2,23,-99,18),(22,'1996-06-15',616,0,200,86,-99,74),(23,'1996-07-12',55,0,0,157,4,40),(24,'1996-07-12',694,0,0,157,4,3),(25,'1996-07-27',1070,1,75,33,1,78),(26,'1996-08-16',1495,0,0,20,4,2),(27,'1996-08-31',470,0,0,19,-99,9),(28,'1996-09-18',661,0,0,21,1,40),(29,'1996-10-03',16,0,1,214,1,2),(30,'1996-10-26',1135,12,0,111,-99,32),(31,'1996-10-28',479,0,0,59,2,21),(32,'1996-10-30',500,0,0,59,3,18),(33,'1996-11-12',1123,0,0,19,-99,5),(34,'1997-01-01',1197,0,0,21,1,40),(35,'1997-01-13',942,0,0,92,-99,53),(36,'1997-01-16',78,0,0,33,1,40),(37,'1997-01-16',79,0,6,33,1,40),(38,'1997-02-10',1407,2,9,211,-99,97),(39,'1997-02-21',45,0,5,33,1,2),(40,'1997-02-21',46,0,0,33,1,2),(41,'1997-03-05',606,5,0,111,300,27),(42,'1997-03-11',484,0,0,19,6,9),(43,'1997-03-18',477,0,0,19,-99,49),(44,'1997-03-21',1597,4,47,76,1,2),(45,'1997-03-24',70,81,58,111,-99,29),(46,'1997-03-29',178,18,53,132,-99,101),(47,'1997-03-00',387,15,0,31,40,67),(48,'1997-03-00',1372,52,0,132,40,67),(49,'1997-04-25',280,21,20,132,-99,100),(50,'1997-05-03',58,0,1,23,3,21),(51,'1997-06-09',257,0,0,200,2,42),(52,'1997-07-21',1477,0,0,19,5,5),(53,'1997-10-19',1136,109,0,111,-99,34),(54,'1997-11-07',40,20,0,139,-99,29),(55,'1997-11-19',648,23,31,211,-99,78),(56,'1997-12-00',1121,11,0,211,-99,67),(57,'1997-12-28',132,3,0,111,3,34),(58,'1998-01-01',1502,104,6,80,100,34),(63,'1998-01-14',1355,1,10,13,-99,86),(64,'1998-01-17',1022,0,0,13,-99,18),(69,'1998-01-21',1307,2,0,31,2,49),(70,'1998-01-21',595,0,0,31,-99,71),(73,'1998-01-25',734,20,4,211,-99,67),(74,'1998-02-02',1757,6,6,80,60,67),(76,'1998-02-04',1247,0,4,13,-99,71),(78,'1998-02-07',1204,2,4,31,-99,71),(81,'1998-02-10',1788,3,0,146,8,99),(89,'1998-02-23',481,0,0,19,-99,79),(99,'1998-03-05',748,0,1,211,1,7),(100,'1998-03-05',1078,1,1,13,-99,49),(101,'1998-03-07',762,0,12,13,1,99),(104,'1998-03-12',1843,0,0,49,4,2),(105,'1998-03-14',1353,5,0,13,-99,49),(107,'1998-03-17',408,0,0,211,1,11),(108,'1998-03-18',658,11,0,13,-99,15),(109,'1998-03-20',913,0,0,49,2,3),(110,'1998-03-22',85,0,0,13,-99,49),(111,'1998-03-23',1763,3,14,170,50,97),(113,'1998-03-27',640,1,0,49,2,22),(114,'1998-03-28',131,5,0,13,-99,29),(115,'1998-04-01',1476,0,0,21,1,40),(118,'1998-04-10',50,1,0,13,-99,15),(119,'1998-04-12',210,1,15,111,1,74),(126,'1998-04-30',25,1,1,13,-99,71),(128,'1998-05-01',1609,0,0,211,5,15),(130,'1998-05-04',483,0,0,19,-99,5),(132,'1998-05-07',126,0,20,13,-99,71),(133,'1998-05-07',1025,2,7,31,-99,71),(135,'1998-05-09',406,0,15,13,-99,71),(136,'1998-05-10',138,3,20,13,-99,100),(139,'1998-05-20',703,0,2,13,-99,100),(141,'1998-06-04',1017,3,2,13,-99,22),(142,'1998-06-04',1016,0,10,31,-99,71),(143,'1998-06-09',517,0,0,117,-99,3),(144,'1998-06-14',1295,1,1,13,-99,18),(146,'1998-06-17',147,13,6,13,-99,71),(147,'1998-06-19',148,6,0,13,-99,71),(148,'1998-06-21',499,0,0,19,3,18),(149,'1998-06-21',498,0,0,19,3,21),(154,'1998-06-25',1300,1,3,31,-99,77),(155,'1998-06-25',1378,17,0,211,-99,67),(165,'1998-07-01',1268,1,4,13,-99,71),(172,'1998-07-15',1056,4,4,111,-99,15),(175,'1998-07-17',1793,2,5,104,5,19),(184,'1998-07-27',1810,0,0,111,2,46),(191,'1998-07-31',12,3,0,13,-99,71),(200,'1998-08-13',75,0,0,13,-99,97),(202,'1998-08-14',1774,4,4,211,10,25),(204,'1998-08-21',56,2,0,13,-99,71),(205,'1998-08-21',7,0,2,13,-99,71),(206,'1998-08-21',76,0,0,13,-99,97),(209,'1998-09-08',717,0,0,21,-99,40),(210,'1998-09-08',720,0,0,21,-99,40),(220,'1998-10-09',1761,1,0,149,1,34),(231,'1998-10-19',501,0,0,59,5,8),(234,'1998-10-26',1778,1,0,94,1,67),(235,'1998-10-30',1772,0,0,211,8,11),(239,'1998-11-02',1759,28,0,170,400,34),(250,'1998-11-18',278,1,0,75,-99,53),(257,'1998-12-00',847,12,0,129,-99,67),(258,'1998-12-03',998,14,24,132,-99,67),(264,'1998-12-26',496,0,0,59,4,21),(265,'1998-12-28',1807,3,0,90,20,97),(267,'1999-01-10',771,20,0,173,-99,67),(269,'1999-01-00',228,22,0,167,-99,75),(274,'1999-01-08',915,0,2,211,3,67),(277,'1999-01-14',547,0,0,49,4,22),(284,'1999-01-25',539,0,1,211,2,67),(290,'1999-02-11',1586,0,0,170,7,49),(298,'1999-02-24',1255,0,5,13,-99,101),(304,'1999-03-02',1801,0,0,211,1,42),(323,'1999-03-16',718,0,0,21,1,40),(324,'1999-03-17',545,1,0,205,3,93),(337,'1999-03-26',917,0,1,211,6,68),(338,'1999-03-28',721,0,0,21,1,40),(340,'1999-03-31',1790,6,0,211,3,99),(341,'1999-03-31',724,0,0,21,1,40),(350,'1999-04-10',17,0,1,23,-99,21),(352,'1999-04-11',1418,2,15,111,1,99),(356,'1999-04-17',897,0,48,144,1,71),(357,'1999-04-18',1768,0,0,52,5,1),(358,'1999-04-20',1044,15,24,211,2,48),(359,'1999-04-21',837,1,14,211,2,69),(360,'1999-04-24',750,0,13,144,1,71),(362,'1999-04-30',1878,3,79,144,1,2),(363,'1999-05-01',719,0,0,21,1,40),(366,'1999-05-03',1493,7,1,179,20,29),(368,'1999-05-05',1613,1,2,79,-99,15),(373,'1999-05-09',1508,0,0,211,-99,22),(374,'1999-05-09',1478,0,0,19,6,5),(379,'1999-06-00',916,0,2,86,5,76),(400,'1999-06-13',1845,1,0,86,10,68),(402,'1999-06-13',1794,0,0,1,3,97),(404,'1999-06-15',1188,8,15,142,15,73),(406,'1999-06-16',1776,1,0,211,2,18),(407,'1999-06-16',1837,0,1,86,1,25),(414,'1999-06-22',1118,10,80,208,-99,67),(427,'1999-07-01',759,2,0,214,2,68),(429,'1999-07-02',1875,0,6,215,1,69),(433,'1999-07-04',1779,6,4,31,12,34),(435,'1999-07-04',1504,2,0,215,1,71),(439,'1999-07-07',918,0,1,211,6,76),(441,'1999-07-08',1546,0,0,211,2,46),(448,'1999-07-19',1567,5,20,65,10,29),(450,'1999-07-19',537,0,1,211,2,67),(462,'1999-07-30',1683,0,0,170,-99,42),(468,'1999-08-06',1861,0,0,139,-99,61),(470,'1999-08-07',1468,0,0,208,-99,67),(471,'1999-08-07',465,0,0,59,2,57),(472,'1999-08-07',283,0,0,208,-99,67),(475,'1999-08-10',1820,1,6,211,1,34),(482,'1999-08-15',558,0,0,159,100,85),(490,'1999-08-27',41,2,7,13,-99,71),(496,'1999-09-05',1068,0,1,75,2,15),(497,'1999-09-06',582,0,0,139,25,18),(502,'1999-09-10',1260,0,10,57,7,18),(503,'1999-09-10',896,0,10,57,7,18),(513,'1999-09-28',1675,2,37,10,4,71),(514,'1999-10-01',749,0,0,109,10,45),(516,'1999-10-03',1787,4,0,211,10,23),(517,'1999-10-03',1644,1,0,211,-99,85),(519,'1999-10-06',1230,0,0,211,9,15),(520,'1999-10-08',1305,0,0,21,-99,40),(521,'1999-10-10',250,13,0,152,-99,67),(525,'1999-10-16',1780,2,0,211,3,59),(527,'1999-10-16',1796,3,3,211,20,62),(528,'1999-10-00',833,0,0,170,-99,57),(530,'1999-10-19',1758,4,6,42,2,100),(531,'1999-10-20',1120,1,2,211,1,15),(532,'1999-10-22',486,0,0,19,-99,7),(536,'1999-10-24',1346,0,0,211,-99,68),(537,'1999-10-25',493,0,0,199,-99,48),(538,'1999-10-25',495,0,0,199,-99,48),(539,'1999-10-26',1802,0,0,127,1,42),(540,'1999-10-27',1529,0,0,199,-99,48),(544,'1999-11-01',1547,0,0,145,20,25),(546,'1999-10-31',1263,0,1,10,2,15),(547,'1999-11-02',898,1,0,211,-99,16),(548,'1999-11-03',751,3,0,75,-99,68),(560,'1999-11-19',540,0,1,115,2,68),(564,'1999-11-23',1519,0,1,211,1,46),(567,'1999-11-25',1507,1,0,211,2,68),(568,'1999-11-27',188,6,3,15,-99,65),(569,'1999-11-27',1723,3,2,122,25,15),(570,'1999-11-29',843,2,0,140,-99,18),(573,'1999-12-13',601,1,99,111,-99,27),(574,'1999-12-17',161,10,17,211,1,74),(575,'1999-12-18',1844,0,3,211,6,67),(578,'1999-12-22',1522,0,1,211,2,48),(579,'1999-12-24',1682,28,10,31,20,67),(581,'1999-12-30',476,0,0,59,4,107),(583,'2000-01-01',458,0,0,59,4,5),(584,'2000-01-01',245,63,0,195,-99,27),(587,'2000-01-03',754,0,0,8,-99,32),(592,'2000-01-09',767,0,1,211,-99,67),(593,'2000-01-10',420,1,0,115,1,94),(594,'2000-01-10',155,1,2,13,-99,1),(595,'2000-01-12',2,1,0,78,-99,94),(598,'2000-01-14',791,2,0,211,1,15),(599,'2000-01-15',462,0,0,19,-99,9),(601,'2000-01-24',799,14,0,111,-99,77),(603,'2000-07-27',936,3,1,75,3,25),(604,'2000-01-28',1460,0,0,159,-99,67),(605,'2000-01-00',1736,11,0,210,40,67),(606,'2000-01-28',68,0,1,75,1,18),(607,'2000-01-30',1160,0,16,111,-99,99),(608,'2000-01-31',472,0,0,84,-99,73),(609,'2000-01-31',770,0,2,84,-99,73),(610,'2000-02-00',842,0,0,211,-99,67),(611,'2000-01-31',461,0,0,139,-99,67),(612,'2000-02-02',491,0,0,211,1,25),(613,'2000-02-02',1417,0,0,211,-99,14),(614,'2000-02-01',288,3,0,183,-99,79),(615,'2000-02-04',820,2,4,170,-99,67),(616,'2000-02-05',1217,4,15,211,-99,73),(619,'2000-02-09',1216,4,0,75,4,68),(620,'2000-02-09',363,0,0,211,-99,21),(621,'2000-02-10',1032,0,0,211,-99,100),(622,'2000-02-10',1735,6,0,74,-99,25),(623,'2000-02-10',248,0,1,72,-99,81),(624,'2000-02-10',1416,0,0,72,-99,21),(625,'2000-02-08',1169,3,42,111,-99,99),(626,'2000-02-15',1808,3,0,125,30,72),(628,'2000-02-16',1809,1,3,1,2,34),(629,'2000-02-16',753,0,1,137,-99,55),(631,'2000-02-17',1436,1,1,170,-99,22),(634,'2000-02-16',707,28,0,173,200,67),(645,'2000-02-25',421,0,1,211,1,67),(647,'2000-02-24',1014,6,0,131,-99,71),(648,'2000-02-28',752,0,0,211,-99,46),(649,'2000-03-01',1880,1,0,29,1,71),(650,'2000-03-01',856,1,0,29,1,2),(651,'2000-03-01',116,1,2,29,1,2),(652,'2000-03-01',162,0,0,29,1,6),(654,'2000-03-01',468,1,0,111,2,15),(655,'2000-03-03',1064,8,4,181,-99,73),(658,'2000-03-05',849,6,0,210,100,67),(659,'2000-03-06',825,0,7,37,-99,34),(662,'2000-03-12',125,1,13,13,-99,71),(666,'2000-03-16',1309,0,7,211,-99,74),(667,'2000-03-16',452,2,1,18,-99,77),(668,'2000-03-00',1269,0,0,194,-99,100),(669,'2000-03-22',1428,0,3,211,-99,18),(670,'2000-03-22',555,0,0,179,-99,108),(671,'2000-03-22',1856,0,0,198,3200,18),(672,'2000-03-25',466,0,1,211,-99,77),(673,'2000-03-27',1347,0,2,211,-99,18),(674,'2000-03-29',1795,0,18,211,150,34),(676,'2000-04-03',1162,2,0,75,-99,54),(677,'2000-04-03',372,0,0,138,-99,73),(678,'2000-04-03',378,0,0,138,-99,103),(679,'2000-04-05',156,0,7,211,-99,14),(680,'2000-04-06',914,0,0,165,2,27),(681,'2000-04-06',1833,21,5,152,9,67),(682,'2000-04-07',367,0,0,182,1,85),(684,'2000-04-09',1249,0,0,139,-99,15),(685,'2000-04-09',388,0,0,139,-99,15),(686,'2000-04-09',864,0,0,139,-99,15),(687,'2000-04-09',1852,0,0,139,-99,15),(688,'2000-04-09',579,0,0,139,6,15),(689,'2000-04-10',1318,1,1,211,-99,15),(690,'2000-04-09',530,0,0,139,10,15),(692,'2000-04-11',15,0,4,13,-99,49),(695,'2000-04-14',726,0,0,21,-99,40),(697,'2000-04-17',395,0,2,211,-99,71),(698,'2000-04-18',97,0,1,139,-99,77),(699,'2000-04-19',902,8,1,139,15,67),(701,'2000-04-24',880,5,12,100,12,77),(702,'2000-04-24',583,0,3,211,-99,15),(703,'2000-04-25',1465,0,0,171,-99,20),(704,'2000-04-25',995,3,5,13,-99,23),(705,'2000-04-25',677,1,0,75,-99,18),(706,'2000-04-28',152,1,0,214,1,69),(707,'2000-04-28',44,0,0,214,1,86),(708,'2000-04-28',1319,1,1,214,1,7),(709,'2000-04-28',129,0,0,214,1,86),(710,'2000-04-28',1303,2,0,214,1,2),(711,'2000-04-28',23,1,0,214,1,11),(712,'2000-04-29',863,0,9,211,-99,67),(715,'2000-05-01',600,2,0,139,-99,71),(716,'2000-05-03',1580,0,0,125,-99,67),(717,'2000-05-07',1182,0,0,75,-99,57),(719,'2000-05-15',448,6,18,111,-99,71),(720,'2000-05-17',440,29,80,111,1,25),(721,'2000-05-18',1818,5,0,211,20,22),(722,'2000-05-18',778,2,2,75,4,77),(723,'2000-05-18',1576,1,14,211,-99,67),(724,'2000-05-20',1359,1,1,75,6,54),(727,'2000-05-20',1822,0,0,154,-99,17),(728,'2000-05-23',1108,1,3,145,30,17),(730,'2000-05-24',822,4,0,80,-99,67),(731,'2000-05-25',271,2,8,211,1,79),(732,'2000-05-27',505,0,0,60,2,1),(733,'2000-05-28',1524,0,1,211,4,47),(735,'2000-05-29',1076,0,7,13,-99,100),(737,'2000-05-30',1429,0,10,211,-99,67),(738,'2000-05-31',803,1,0,75,-99,18),(739,'2000-06-00',939,0,0,172,-99,67),(740,'2000-06-00',1304,0,0,172,-99,67),(746,'2000-06-04',1142,0,0,170,-99,73),(747,'2000-06-05',1440,0,0,172,-99,47),(748,'2000-06-05',437,34,0,111,13,32),(749,'2000-06-05',1143,0,0,170,-99,73),(754,'2000-06-06',1038,5,0,13,-99,25),(759,'2000-06-08',1782,1,0,147,2,45),(768,'2000-06-16',1743,1,2,179,20,25),(769,'2000-06-16',1369,13,42,31,-99,71),(770,'2000-06-16',1163,0,0,60,2,7),(774,'2000-06-19',1848,0,0,87,-99,18),(775,'2000-06-10',282,0,0,62,-99,100),(776,'2000-06-21',532,0,2,205,1,69),(777,'2000-06-21',514,0,1,211,8,69),(778,'2000-05-25',958,0,1,211,4,53),(779,'2000-06-24',223,0,0,219,-99,15),(780,'2000-06-25',1639,0,4,37,-99,67),(781,'2000-06-25',947,0,1,211,-99,86),(783,'2000-06-26',844,0,0,50,-99,21),(784,'2000-06-00',887,0,0,172,-99,67),(786,'2000-07-00',1521,0,0,161,-99,69),(787,'2000-06-17',1883,21,0,45,-99,67),(789,'2000-07-02',469,0,0,19,-99,9),(790,'2000-07-02',745,0,0,139,-99,77),(792,'2000-07-00',934,0,25,167,-99,67),(794,'2000-07-05',739,1,6,211,-99,67),(795,'2000-07-05',1403,0,0,211,-99,14),(796,'2000-07-06',1562,0,0,145,30,27),(797,'2000-07-06',891,0,0,6,3,86),(798,'2000-07-08',356,9,0,31,10,72),(799,'2000-08-07',960,2,0,99,-99,50),(800,'2000-07-08',841,3,0,31,-99,77),(801,'2000-07-08',1113,2,0,31,-99,39),(802,'2000-07-08',777,1,0,31,-99,25),(803,'2000-07-08',1007,3,0,31,-99,73),(806,'2000-07-09',1035,4,2,31,-99,18),(807,'2000-07-02',1832,2,0,6,-99,27),(808,'2000-07-12',1800,0,3,211,1,85),(809,'2000-07-12',684,9,2,179,-99,34),(810,'2000-07-12',149,6,0,13,-99,71),(811,'2000-07-13',1240,0,0,211,-99,15),(815,'2000-07-16',1824,9,0,31,12,67),(816,'2000-07-17',637,0,0,161,-99,86),(818,'2000-07-19',1321,6,3,211,25,67),(819,'2000-07-18',1099,1,0,75,1,84),(821,'2000-07-19',636,0,0,161,-99,49),(822,'2000-07-19',952,5,0,13,-99,71),(823,'2000-07-19',876,0,0,10,1,2),(824,'2000-07-22',1209,1,0,211,1,21),(825,'2000-07-23',1231,1,0,211,2,15),(826,'2000-07-24',1338,1,0,75,2,15),(827,'2000-07-26',845,1,0,75,-99,54),(828,'2000-07-26',1365,2,0,13,-99,67),(829,'2000-07-26',1333,0,0,68,-99,106),(830,'2000-07-00',506,0,0,22,-99,43),(831,'2000-07-27',800,0,0,22,-99,71),(832,'2000-07-29',205,0,1,42,-99,71),(833,'2000-07-29',1479,0,0,17,-99,3),(834,'2000-07-29',1139,0,0,42,-99,67),(835,'2000-07-30',738,0,0,35,12,77),(836,'2000-08-00',612,0,4,79,-99,79),(837,'2000-08-00',203,1,0,13,-99,67),(839,'2000-08-02',938,3,1,10,-99,68),(840,'2000-08-02',1640,0,0,211,-99,3),(843,'2000-08-04',1826,0,0,13,-99,89),(845,'2000-08-07',903,2,1,211,5,77),(846,'2000-08-07',1335,0,1,10,-99,68),(847,'2000-08-09',1828,1,2,211,-99,18),(848,'2000-08-09',850,1,30,111,-99,34),(850,'2000-08-11',318,4,1,32,-99,73),(852,'2000-08-13',1147,4,32,79,-99,39),(853,'2000-08-13',1114,2,0,13,-99,67),(854,'2000-08-13',1146,1,6,79,-99,39),(855,'2000-08-13',269,0,0,79,-99,74),(856,'2000-08-13',1159,0,0,79,-99,67),(857,'2000-08-13',436,1,0,13,-99,23),(858,'2000-08-14',171,0,0,217,-99,67),(859,'2000-08-14',1196,0,0,217,-99,99),(860,'2000-08-14',802,0,0,217,-99,73),(861,'2000-08-15',1181,1,0,75,-99,18),(862,'2000-08-15',638,0,1,87,-99,93),(863,'2000-08-11',230,10,1,15,40,67),(864,'2000-08-16',1002,2,4,22,-99,25),(865,'2000-08-16',577,0,11,122,-99,25),(866,'2000-08-16',1001,2,6,111,1,34),(867,'2000-08-17',885,6,6,131,8,69),(868,'2000-08-17',1227,0,0,211,-99,1),(869,'2000-08-18',166,0,9,75,-99,71),(870,'2000-08-19',853,4,1,131,5,69),(871,'2000-08-20',1487,0,7,144,-99,65),(872,'2000-08-20',953,0,0,211,-99,7),(873,'2000-08-20',823,1,0,75,2,53),(874,'2000-08-20',740,2,0,42,-99,34),(875,'2000-08-21',627,2,0,205,-99,93),(876,'2000-08-20',1310,1,0,211,-99,109),(877,'2000-08-19',1414,0,5,211,-99,11),(878,'2000-08-22',929,5,1,136,-99,67),(879,'2000-08-18',1048,1,47,142,-99,72),(880,'2000-08-00',819,7,0,142,-99,67),(881,'2000-08-20',742,0,0,20,-99,67),(882,'2000-08-22',992,0,3,123,-99,47),(883,'2000-08-23',1308,3,8,123,-99,77),(884,'2000-08-24',204,0,0,37,-99,12),(885,'2000-08-24',400,0,0,37,-99,7),(886,'2000-08-25',1641,0,0,212,200,18),(887,'2000-08-24',321,0,0,211,-99,100),(888,'2000-08-25',518,0,0,211,-99,25),(889,'2000-08-26',1677,0,0,122,2,53),(890,'2000-08-26',1439,0,0,211,-99,21),(891,'2000-08-27',1110,1,0,10,-99,71),(892,'2000-08-27',1105,0,0,211,-99,67),(893,'2000-08-27',373,7,0,210,-99,67),(894,'2000-08-27',335,1,1,139,10,85),(895,'2000-08-28',787,1,0,64,-99,34),(896,'2000-08-28',1543,0,10,125,-99,101),(897,'2000-08-29',159,3,0,211,-99,15),(898,'2000-08-29',1821,0,2,211,-99,77),(899,'2000-08-30',824,0,0,211,-99,14),(900,'2000-08-29',487,1,0,75,-99,45),(901,'2000-08-31',1542,0,13,125,-99,101),(904,'2000-09-04',1691,12,0,35,-99,73),(905,'2000-09-04',1323,6,9,81,-99,67),(906,'2000-09-05',854,4,0,81,-99,18),(907,'2000-08-30',1637,0,0,170,-99,85),(908,'2000-09-05',1655,0,0,185,-99,62),(909,'2000-09-06',504,0,0,59,3,22),(914,'2000-08-09',1252,6,8,111,-99,29),(917,'2000-09-10',1103,1,0,75,2,53),(918,'2000-09-10',639,0,1,161,-99,67),(921,'2000-09-10',634,0,1,161,2,67),(922,'2000-09-11',1438,1,0,75,-99,15),(923,'2000-09-12',534,0,0,211,1,2),(928,'2000-09-13',1799,10,4,141,20,23),(929,'2000-09-13',993,9,0,119,25,69),(930,'2000-09-13',596,2,0,135,2,15),(933,'2000-09-17',1756,0,0,138,50,76),(934,'2000-09-15',1427,0,0,211,-99,8),(935,'2000-09-17',950,0,1,75,2,85),(936,'2000-09-17',743,1,0,211,-99,71),(939,'2000-09-18',1117,0,15,124,-99,67),(941,'2000-09-19',207,0,3,211,-99,69),(945,'2000-09-20',306,0,0,10,-99,71),(946,'2000-09-20',1337,1,0,211,-99,37),(947,'2000-09-20',307,0,0,10,-99,71),(948,'2000-09-20',308,0,0,10,-99,71),(950,'2000-09-21',1049,1,0,211,-99,54),(952,'2000-09-23',342,0,1,71,-99,15),(953,'2000-09-24',1590,0,0,211,1,42),(954,'2000-09-24',630,0,0,86,-99,100),(962,'2000-09-26',190,0,0,211,1,15),(963,'2000-09-27',359,0,1,211,-99,42),(964,'2000-09-27',265,0,0,211,-99,22),(965,'2000-09-27',628,0,1,152,-99,67),(969,'2000-10-04',391,0,0,211,-99,76),(970,'2000-10-04',1419,4,6,211,-99,101),(971,'2000-10-05',1421,1,0,75,-99,48),(973,'2000-10-08',1733,8,0,170,-99,67),(974,'2000-10-10',1829,0,0,211,-99,86),(975,'2000-10-10',764,0,0,211,2,8),(976,'2000-10-10',607,0,0,74,-99,86),(977,'2000-10-10',1841,0,0,211,-99,86),(978,'2000-10-10',1697,0,0,211,-99,15),(979,'2000-10-11',1276,0,10,122,-99,23),(980,'2000-10-00',1887,6,0,13,-99,67),(981,'2000-10-12',1577,19,38,8,2,32),(982,'2000-10-15',415,11,0,175,-99,67),(983,'2000-10-13',629,1,0,86,2,84),(984,'2000-10-14',1595,0,0,211,5,42),(985,'2000-10-12',218,5,0,132,-99,77),(986,'2000-10-14',1202,12,0,13,-99,67),(987,'2000-10-11',200,6,0,132,-99,67),(988,'2000-10-14',1278,6,0,13,-99,71),(989,'2000-10-14',392,0,0,211,-99,67),(990,'2000-10-15',741,1,1,80,-99,73),(991,'2000-10-14',1860,0,0,211,-99,67),(993,'2000-10-16',270,0,0,17,-99,53),(994,'2000-10-17',746,0,1,27,1,69),(995,'2000-10-17',1819,0,0,211,1,100),(996,'2000-10-00',574,5,3,2,-99,68),(1000,'2000-10-18',435,0,0,142,-99,67),(1001,'2000-10-19',1667,0,0,17,-99,53),(1002,'2000-10-19',1616,12,0,211,20,67),(1010,'2000-11-21',665,8,1,132,-99,67),(1012,'2000-10-23',867,7,0,129,-99,69),(1013,'2000-10-23',393,0,0,10,-99,71),(1014,'2000-10-24',871,9,0,172,-99,67),(1015,'2000-10-00',1316,1,7,206,-99,73),(1016,'2000-10-24',1334,8,0,172,-99,67),(1017,'2000-10-24',886,8,0,172,-99,67),(1019,'2000-10-25',520,10,0,13,6,67),(1020,'2000-10-26',1775,1,1,150,1,27),(1021,'2000-10-26',258,2,19,211,-99,100),(1022,'2000-10-26',525,0,0,211,-99,22),(1023,'2000-10-29',1708,0,0,166,51,77),(1025,'2000-11-01',409,1,0,211,2,68),(1027,'2000-10-31',1851,0,0,210,-99,15),(1028,'2000-11-01',552,0,0,211,-99,86),(1029,'2000-11-01',553,0,0,27,1,86),(1032,'2000-11-02',1643,7,17,166,40,27),(1035,'2000-11-05',1884,1,2,13,-99,29),(1037,'2000-11-07',1039,1,1,111,2,15),(1038,'2000-11-07',785,0,0,211,-99,3),(1039,'2000-11-09',1442,1,4,211,-99,44),(1041,'2000-11-10',1218,0,0,37,-99,53),(1044,'2000-11-11',1433,0,11,37,-99,25),(1045,'2000-11-12',1563,1,0,203,2,15),(1046,'2000-11-12',821,5,1,75,-99,67),(1047,'2000-11-14',419,6,17,211,-99,67),(1048,'2000-11-00',189,6,0,80,-99,71),(1049,'2000-11-15',810,3,5,206,-99,67),(1050,'2000-11-15',855,0,1,75,2,15),(1052,'2000-11-16',714,1,0,136,-99,7),(1053,'2000-11-17',1726,6,0,208,10,67),(1054,'2000-11-18',1725,4,0,211,-99,67),(1056,'2000-11-19',1545,0,0,211,-99,15),(1057,'2000-11-19',179,0,0,211,-99,67),(1058,'2000-11-19',588,7,6,139,20,71),(1059,'2000-11-00',341,0,0,53,-99,45),(1061,'2000-11-21',287,11,1,132,6,25),(1062,'2000-11-22',610,0,1,37,-99,34),(1063,'2000-11-22',309,1,0,211,-99,67),(1065,'2000-11-22',1224,1,1,75,-99,53),(1066,'2000-11-22',1855,0,1,211,2,54),(1067,'2000-11-22',1538,0,1,1,20,68),(1068,'2000-11-22',757,1,4,211,-99,67),(1069,'2000-11-22',678,0,4,211,-99,67),(1070,'2000-11-22',1180,0,3,211,-99,67),(1071,'2000-11-22',1706,0,3,211,-99,67),(1072,'2000-11-24',1762,0,0,40,10,27),(1073,'2000-11-24',875,2,0,134,-99,69),(1074,'2000-11-24',1858,2,0,134,-99,69),(1075,'2000-11-24',1881,2,0,134,-99,69),(1076,'2000-11-24',1368,2,0,134,-99,69),(1077,'2000-11-25',1857,1,1,134,-99,69),(1078,'2000-11-25',109,0,0,170,15,4),(1079,'2000-11-26',410,0,0,211,2,67),(1081,'2000-11-26',253,0,2,211,-99,79),(1082,'2000-11-26',758,0,1,211,-99,2),(1084,'2000-11-28',1552,6,3,202,-99,67),(1086,'2000-11-28',1425,0,8,46,100,61),(1087,'2000-11-28',868,50,0,134,-99,67),(1088,'2000-11-28',217,0,0,170,6,5),(1089,'2000-11-29',1179,1,0,75,2,18),(1090,'2000-11-29',1051,0,1,151,-99,68),(1091,'2000-11-29',238,0,1,211,-99,73),(1092,'2000-11-30',1573,14,5,123,150,71),(1093,'2000-11-00',1569,3,0,167,-99,67),(1094,'2000-11-30',1192,0,1,75,4,68),(1095,'2000-12-00',814,1,0,211,-99,72),(1096,'2000-12-00',815,1,0,211,-99,72),(1097,'2000-12-02',394,3,1,75,-99,67),(1098,'2000-12-02',784,0,0,50,-99,34),(1099,'2000-12-02',809,1,0,75,2,85),(1100,'2000-12-03',256,0,2,103,-99,67),(1101,'2000-12-00',1632,0,0,211,-99,99),(1102,'2000-12-04',1560,5,0,167,-99,67),(1103,'2000-12-05',191,0,0,211,-99,21),(1104,'2000-12-00',1129,1,0,80,-99,67),(1105,'2000-12-05',940,6,0,211,-99,67),(1106,'2000-12-06',1375,1,7,134,-99,69),(1107,'2000-12-06',181,3,23,111,-99,67),(1108,'2000-12-06',625,1,0,204,2,69),(1109,'2000-12-06',1437,0,0,37,-99,14),(1110,'2000-12-06',1711,29,15,170,100,67),(1111,'2000-12-07',895,4,1,111,20,67),(1112,'2000-12-08',1789,1,2,211,2,71),(1113,'2000-12-08',1635,0,0,211,2,3),(1114,'2000-12-09',324,2,1,75,10,67),(1115,'2000-12-09',475,0,0,59,4,12),(1116,'2000-12-10',396,0,0,211,-99,47),(1117,'2000-12-10',186,1,0,75,-99,2),(1119,'2000-12-11',689,0,0,20,-99,1),(1120,'2000-12-11',1119,2,3,126,50,67),(1121,'2000-12-11',736,0,0,211,-99,17),(1122,'2000-12-12',144,9,4,179,-99,71),(1123,'2000-12-13',425,0,15,122,-99,18),(1124,'2000-12-13',286,1,3,89,-99,77),(1126,'2000-12-15',371,4,0,211,-99,67),(1127,'2000-12-16',925,16,6,167,6,70),(1128,'2000-12-16',1131,25,0,211,-99,67),(1130,'2000-12-18',846,8,0,75,-99,67),(1131,'2000-12-17',1211,15,7,31,-99,67),(1132,'2000-12-18',260,0,0,65,-99,42),(1133,'2000-12-17',592,4,0,156,-99,109),(1134,'2000-12-17',1645,4,0,167,-99,18),(1135,'2000-12-18',180,4,12,211,-99,70),(1136,'2000-12-18',685,0,0,85,-99,86),(1137,'2000-12-18',1145,1,1,75,-99,18),(1138,'2000-12-17',919,11,0,170,-99,67),(1139,'2000-12-18',1734,22,0,14,-99,67),(1140,'2000-12-19',681,0,1,211,-99,21),(1141,'2000-12-19',340,0,0,211,-99,22),(1142,'2000-03-16',659,0,0,211,-99,71),(1143,'2000-12-19',453,0,0,59,4,12),(1144,'2000-12-19',905,0,0,42,1,22),(1145,'2000-12-29',428,7,0,170,-99,15),(1146,'2000-12-20',1019,8,19,167,-99,29),(1147,'2000-12-20',95,2,17,13,-99,71),(1148,'2000-12-23',951,3,1,14,4,67),(1149,'2000-12-23',589,3,1,13,4,71),(1151,'2000-12-29',559,7,0,170,-99,15),(1152,'2000-12-29',122,1,0,13,-99,72),(1153,'2000-12-30',1026,2,0,13,-99,77),(1154,'2000-12-31',1541,0,0,125,-99,49),(1155,'2000-12-31',1406,2,12,164,5,86),(1156,'2000-12-31',490,0,0,12,-99,71),(1157,'2000-12-31',1444,0,0,211,-99,21),(1158,'2000-12-31',1293,2,1,179,-99,99),(1160,'2001-01-01',861,0,10,211,-99,78),(1161,'2001-01-01',77,5,1,13,-99,71),(1162,'2001-01-02',494,0,0,59,5,5),(1163,'2001-01-03',773,11,0,152,100,67),(1164,'2001-01-03',1040,4,0,13,-99,67),(1165,'2001-01-05',557,12,0,210,-99,67),(1166,'2001-01-05',1127,0,1,20,-99,72),(1167,'2001-01-04',1186,0,0,42,2,15),(1169,'2001-01-06',1548,0,0,163,200,15),(1170,'2001-01-07',664,0,0,139,20,100),(1171,'2001-01-07',209,0,26,133,-99,35),(1172,'2001-01-07',696,4,0,131,-99,71),(1173,'2001-01-07',1882,150,0,193,-99,67),(1174,'2001-01-07',697,4,0,31,-99,71),(1175,'2001-01-07',663,0,0,139,-99,12),(1176,'2001-01-07',874,4,7,209,9,68),(1178,'2001-01-00',1657,8,0,175,-99,67),(1179,'2001-01-09',1424,0,0,37,-99,15),(1180,'2001-01-09',31,1,0,138,-99,67),(1181,'2001-01-09',1109,4,0,210,15,67),(1184,'2001-01-10',110,7,0,31,-99,67),(1187,'2001-01-11',963,10,0,123,200,25),(1189,'2001-01-13',229,4,0,210,40,67),(1191,'2001-01-10',69,4,3,31,-99,67),(1192,'2001-01-15',774,10,1,210,20,67),(1193,'2001-01-16',1527,11,14,107,6,44),(1196,'2001-01-00',319,12,0,132,-99,67),(1197,'2001-01-16',19,12,0,13,-99,71),(1198,'2001-01-17',1730,25,0,175,50,67),(1199,'2001-01-17',225,1,0,3,3,55),(1200,'2001-01-17',90,0,0,216,-99,4),(1201,'2001-01-15',142,0,0,216,-99,97),(1202,'2001-01-18',1648,1,0,170,2,18),(1203,'2001-01-19',679,0,1,211,-99,73),(1204,'2001-01-19',20,6,0,210,-99,67),(1205,'2001-01-19',680,0,1,211,-99,67),(1206,'2001-01-19',332,0,0,211,-99,74),(1207,'2001-01-19',1003,0,0,211,-99,49),(1209,'2001-01-20',782,0,1,75,2,86),(1211,'2001-01-22',581,5,2,208,20,77),(1212,'2001-01-22',1005,0,0,148,-99,47),(1213,'2001-01-22',1838,0,0,20,-99,7),(1214,'2001-01-23',1462,0,2,191,1,42),(1216,'2001-01-23',1245,0,0,37,-99,67),(1217,'2001-01-24',618,0,0,211,-99,84),(1218,'2001-01-23',1719,0,0,44,-99,77),(1219,'2001-01-23',399,0,0,211,-99,15),(1220,'2001-01-23',1314,1,0,170,-99,68),(1221,'2001-01-23',1207,0,0,19,-99,21),(1222,'2001-01-24',668,2,10,122,-99,67),(1223,'2001-01-24',1638,0,9,211,-99,24),(1224,'2001-01-25',1315,1,2,211,2,15),(1225,'2001-01-25',1069,1,0,5,-99,68),(1227,'2001-01-26',197,1,0,144,6,68),(1229,'2001-01-28',1215,0,1,211,1,23),(1230,'2001-01-28',259,0,0,211,2,90),(1231,'2001-01-28',1176,10,5,75,-99,67),(1232,'2001-01-28',1704,0,0,211,6,53),(1233,'2001-01-28',1712,10,5,75,-99,67),(1235,'2001-01-29',619,0,0,169,-99,84),(1236,'2001-01-30',1550,0,0,170,1,42),(1237,'2001-01-30',878,0,0,211,-99,100),(1238,'2001-01-30',1343,0,0,20,-99,7),(1239,'2001-01-30',1126,0,0,20,-99,61),(1240,'2001-01-31',647,0,0,20,-99,61),(1241,'2001-02-00',622,0,0,161,-99,69),(1242,'2001-02-01',1100,0,0,148,-99,21),(1243,'2001-02-01',957,0,0,211,-99,80),(1244,'2001-02-01',352,5,38,142,-99,67),(1245,'2001-02-01',786,0,0,148,-99,21),(1246,'2001-02-01',1435,0,0,148,-99,8),(1247,'2001-02-02',313,11,5,81,-99,67),(1249,'2001-02-03',624,0,0,204,-99,69),(1250,'2001-02-03',931,6,5,133,-99,69),(1251,'2001-02-03',1636,3,2,75,-99,9),(1253,'2001-02-04',61,1,2,170,-99,34),(1254,'2001-02-03',1220,0,2,211,-99,11),(1255,'2001-02-05',214,1,0,129,-99,25),(1256,'2001-02-06',1571,1,0,75,4,82),(1259,'2001-02-05',780,2,0,75,2,15),(1261,'2001-02-00',416,5,0,175,-99,67),(1262,'2001-02-06',641,0,0,161,-99,69),(1263,'2001-02-07',643,0,0,161,-99,69),(1264,'2001-02-08',644,0,0,161,-99,76),(1265,'2001-02-07',463,0,4,211,-99,67),(1266,'2001-02-06',1000,0,0,61,-99,53),(1267,'2001-02-07',642,0,0,161,-99,69),(1268,'2001-02-08',1480,0,1,161,-99,12),(1269,'2001-02-08',1699,0,0,211,-99,14),(1270,'2001-02-08',323,7,0,13,6,77),(1271,'2001-02-10',605,23,1,31,-99,67),(1272,'2001-02-10',1205,0,4,148,-99,67),(1273,'2001-02-10',1722,0,2,122,-99,18),(1274,'2001-02-09',956,0,0,10,-99,76),(1275,'2001-02-11',620,0,0,211,-99,69),(1276,'2001-02-11',1411,1,3,75,-99,71),(1277,'2001-02-12',1320,0,0,20,-99,9),(1278,'2001-02-11',1223,1,0,30,1,93),(1279,'2001-02-00',550,26,0,167,-99,67),(1280,'2001-02-00',621,0,0,161,-99,69),(1281,'2001-02-12',1450,1,3,75,10,50),(1282,'2001-12-02',1656,3,0,76,2,48),(1283,'2001-02-13',1213,1,2,10,-99,71),(1284,'2001-02-13',623,0,0,211,-99,68),(1285,'2001-02-00',285,9,0,211,-99,67),(1286,'2001-02-14',1509,8,17,76,1,34),(1288,'2001-02-14',273,0,4,211,-99,15),(1289,'2001-02-13',1420,5,0,167,-99,27),(1290,'2001-02-14',908,12,3,75,12,72),(1291,'2001-02-00',1717,1,0,211,1,18),(1292,'2001-02-14',1633,3,0,75,-99,14),(1293,'2001-02-15',198,20,10,75,-99,72),(1295,'2001-02-16',1144,13,2,126,20,73),(1296,'2001-02-16',1431,0,0,75,-99,18),(1297,'2001-02-17',1605,1,0,211,-99,15),(1298,'2001-02-17',10,1,1,190,2,84),(1299,'2001-02-17',244,0,0,211,-99,4),(1300,'2001-02-17',1441,0,0,75,-99,53),(1301,'2001-02-18',14,3,0,190,2,69),(1302,'2001-02-18',382,2,0,211,-99,53),(1303,'2001-02-18',165,0,1,211,-99,100),(1304,'2001-02-18',1720,0,0,211,-99,15),(1305,'2001-02-19',570,0,0,211,-99,14),(1306,'2001-02-19',261,1,3,211,-99,79),(1307,'2001-02-20',503,1,0,122,-99,15),(1308,'2001-02-20',1327,1,0,75,2,15),(1310,'2001-02-21',1489,0,0,211,-99,69),(1311,'2001-02-21',1718,0,1,75,-99,68),(1312,'2001-02-21',1679,1,0,75,-99,77),(1313,'2001-02-22',1370,0,0,211,-99,77),(1314,'2001-02-22',322,0,0,10,-99,18),(1315,'2001-02-22',233,0,0,75,8,5),(1316,'2001-02-23',737,1,0,36,4,15),(1317,'2001-02-23',836,0,0,195,-99,77),(1318,'2001-02-23',798,2,0,122,-99,67),(1319,'2001-02-24',1713,0,0,114,10,67),(1320,'2001-02-24',1827,3,27,13,-99,34),(1321,'2001-02-24',397,3,27,132,-99,34),(1322,'2001-02-26',1863,1,0,190,2,77),(1323,'2001-02-26',1060,3,0,211,-99,67),(1324,'2001-02-26',900,1,0,122,-99,15),(1325,'2001-02-26',1043,2,0,211,-99,67),(1326,'2001-02-26',1008,3,0,211,-99,67),(1327,'2001-02-27',1010,0,3,151,3,71),(1328,'2001-02-27',626,0,0,205,-99,84),(1329,'2001-02-28',1214,0,0,211,1,14),(1330,'2001-02-28',1086,0,1,75,-99,73),(1331,'2001-02-00',1727,7,1,130,4,68),(1333,'2001-03-01',1681,0,0,211,-99,44),(1334,'2001-03-02',700,1,0,211,6,72),(1335,'2001-03-20',1426,1,0,75,-99,77),(1336,'2001-03-02',712,3,0,211,6,72),(1338,'2001-03-03',242,4,0,211,-99,74),(1339,'2001-03-03',516,1,7,211,-99,42),(1340,'2001-03-03',183,0,5,211,-99,71),(1341,'2001-03-01',657,1,0,122,-99,15),(1342,'2001-03-03',848,4,0,111,-99,72),(1344,'2001-03-00',215,1,0,112,3,83),(1345,'2001-03-04',1195,0,0,211,2,3),(1346,'2001-03-04',187,6,0,31,40,34),(1347,'2001-03-06',735,5,0,122,10,68),(1350,'2001-03-07',1275,0,0,37,8,77),(1351,'2001-03-08',1471,2,0,188,-99,62),(1356,'2001-02-25',1132,0,0,58,1,100),(1357,'2001-03-09',789,1,1,37,-99,25),(1358,'2001-03-09',296,0,0,211,-99,45),(1359,'2001-03-09',572,2,5,31,-99,34),(1360,'2001-03-10',816,1,0,211,1,53),(1361,'2001-03-10',365,5,0,31,10,72),(1362,'2001-03-11',1342,0,2,211,-99,18),(1363,'2001-03-10',1849,0,0,211,-99,67),(1364,'2001-03-11',353,2,0,211,-99,68),(1367,'2001-03-12',744,2,0,211,-99,10),(1368,'2001-03-12',357,11,0,211,7,67),(1369,'2001-03-12',355,8,0,211,12,67),(1370,'2001-03-13',1165,0,0,211,-99,6),(1371,'2001-03-13',441,0,2,122,-99,101),(1372,'2001-03-14',334,0,4,211,-99,99),(1373,'2001-03-15',1596,0,2,211,-99,7),(1374,'2001-03-15',1079,0,0,211,-99,46),(1375,'2001-03-16',812,3,0,42,3,42),(1376,'2001-03-16',177,2,27,211,-99,101),(1377,'2001-03-16',1466,1,5,211,-99,67),(1380,'2001-03-17',1102,1,3,37,-99,98),(1381,'2001-03-17',893,1,1,122,-99,15),(1382,'2001-03-18',1798,1,0,1,6,19),(1383,'2001-03-18',1271,6,5,136,-99,72),(1384,'2001-03-18',219,8,0,54,-99,67),(1385,'2001-03-18',1847,0,0,211,-99,68),(1387,'2001-03-19',1228,1,0,211,-99,68),(1388,'2001-03-19',1457,0,0,177,-99,61),(1392,'2001-03-21',716,0,1,211,2,68),(1394,'2001-03-22',1175,1,0,211,-99,18),(1395,'2001-03-22',1737,1,0,122,-99,15),(1397,'2001-03-23',1219,1,9,211,-99,99),(1399,'2001-03-24',615,5,3,139,-99,73),(1400,'2001-03-24',240,0,0,210,-99,67),(1402,'2001-03-25',290,5,1,211,-99,67),(1403,'2001-03-25',1472,0,0,217,-99,76),(1404,'2001-03-25',1329,12,0,31,-99,71),(1405,'2001-03-26',262,1,1,151,-99,68),(1406,'2001-03-27',840,0,3,150,-99,7),(1407,'2001-03-27',733,1,28,76,1,67),(1410,'2001-03-28',1650,3,4,76,1,1),(1411,'2001-03-28',196,0,2,211,-99,68),(1413,'2001-03-29',1150,3,0,211,-99,61),(1414,'2001-03-30',492,0,0,59,5,4),(1415,'2001-04-01',328,11,150,211,-99,11),(1416,'2001-04-01',329,11,150,211,1,78),(1417,'2001-04-01',649,5,0,31,-99,71),(1418,'2001-04-01',1198,2,1,31,-99,34),(1419,'2001-04-02',839,1,0,55,1,82),(1422,'2001-04-03',872,1,0,122,-99,15),(1423,'2001-04-04',1341,1,0,190,2,93),(1424,'2001-04-04',1153,7,2,105,-99,15),(1425,'2001-04-05',1449,2,10,211,-99,7),(1426,'2001-04-07',281,0,1,211,-99,100),(1427,'2001-04-07',1680,0,5,153,1,8),(1428,'2001-04-08',921,2,2,96,8,109),(1430,'2001-04-09',1665,0,0,211,-99,62),(1431,'2001-04-10',1651,0,0,51,-99,15),(1432,'2001-04-10',1463,1,0,211,2,53),(1433,'2001-04-10',1101,0,0,187,-99,21),(1434,'2001-04-11',212,4,0,211,3,21),(1435,'2001-04-12',1662,1,1,211,-99,18),(1436,'2001-04-12',194,0,0,211,1,93),(1437,'2001-04-13',195,0,0,211,-99,53),(1439,'2001-04-14',1601,0,0,3,-99,67),(1440,'2001-04-14',1628,9,20,77,4,67),(1441,'2001-04-14',1602,0,1,3,-99,67),(1442,'2001-04-16',1115,1,0,113,-99,18),(1443,'2001-04-16',263,2,1,211,-99,22),(1444,'2001-04-16',302,2,0,211,-99,76),(1445,'2001-04-19',1732,3,1,211,3,68),(1447,'2001-04-23',1866,2,6,211,-99,19),(1448,'2001-04-23',327,0,2,211,-99,19),(1449,'2001-04-25',170,0,0,211,-99,21),(1450,'2001-04-25',412,0,0,211,-99,94),(1451,'2001-04-26',295,0,0,211,-99,18),(1452,'2001-04-26',292,5,0,63,-99,15),(1455,'2001-04-30',344,1,1,211,-99,5),(1456,'2001-04-30',297,3,3,211,-99,94),(1457,'2001-05-01',1511,0,1,211,1,71),(1459,'2001-05-01',1340,1,1,211,2,15),(1460,'2001-05-01',293,5,0,211,-99,76),(1461,'2001-05-01',157,5,1,13,-99,71),(1462,'2001-05-05',478,0,0,60,-99,12),(1464,'2001-05-07',660,1,5,211,-99,99),(1465,'2001-05-07',1423,0,0,72,-99,61),(1466,'2001-05-08',790,1,0,151,-99,71),(1467,'2001-05-09',1326,1,3,211,-99,4),(1469,'2001-05-10',1561,0,13,211,-99,15),(1470,'2001-05-10',1627,2,2,211,-99,70),(1472,'2001-05-10',1018,0,0,63,5,62),(1474,'2001-05-13',1294,11,0,179,15,71),(1476,'2001-05-15',241,0,0,121,-99,5),(1477,'2001-05-16',1654,0,6,183,-99,19),(1478,'2001-05-18',1709,6,3,184,-99,69),(1479,'2001-05-20',284,0,3,217,-99,15),(1480,'2001-05-21',964,1,1,142,-99,67),(1481,'2001-05-21',450,0,0,59,5,9),(1482,'2001-05-21',488,0,0,59,5,48),(1489,'2001-05-28',1652,9,0,152,-99,72),(1491,'2001-05-29',1812,2,0,211,2,36),(1495,'2001-06-01',1839,0,0,165,-99,22),(1496,'2001-06-18',1570,0,0,211,-99,68),(1497,'2001-06-02',585,5,0,13,-99,67),(1498,'2001-06-02',83,5,1,13,-99,71),(1501,'2001-06-07',912,0,3,211,1,19),(1503,'2001-06-08',1698,0,1,151,-99,105),(1504,'2001-06-08',1274,0,1,211,-99,15),(1505,'2001-06-13',611,5,0,211,-99,2),(1506,'2001-06-13',609,0,1,211,-99,68),(1507,'2001-06-14',965,2,5,106,3,69),(1508,'2001-06-15',173,10,0,156,-99,113),(1509,'2001-06-15',301,2,0,75,-99,18),(1510,'2001-06-15',1374,0,0,75,-99,62),(1511,'2001-06-15',1835,0,0,142,-99,21),(1512,'2001-06-15',1850,0,1,211,-99,53),(1513,'2001-06-18',423,1,1,151,-99,71),(1514,'2001-06-18',411,0,0,161,-99,15),(1515,'2001-06-19',1728,0,0,66,4,46),(1516,'2001-06-21',1226,0,0,37,-99,3),(1517,'2001-06-22',1107,3,1,76,2,29),(1518,'2001-06-22',1649,0,0,28,1,46),(1519,'2001-06-22',337,0,0,10,-99,100),(1520,'2001-06-23',289,0,0,50,3,76),(1521,'2001-06-25',1630,0,40,131,-99,100),(1522,'2001-06-25',569,0,0,170,-99,11),(1523,'2001-06-25',1673,0,1,211,-99,4),(1524,'2001-06-25',303,0,0,211,1,15),(1526,'2001-06-26',314,12,10,142,-99,12),(1528,'2001-06-27',1448,0,0,122,-99,4),(1530,'2001-06-28',1631,1,1,3,-99,67),(1531,'2001-06-29',185,6,0,31,20,11),(1532,'2001-06-29',336,1,1,32,2,18),(1533,'2001-07-01',354,1,0,10,-99,68),(1536,'2001-07-04',617,1,0,169,2,69),(1537,'2001-07-04',763,0,5,211,5,8),(1538,'2001-07-04',983,3,0,179,-99,71),(1539,'2001-07-04',715,3,6,211,5,8),(1542,'2001-07-07',1607,0,8,167,-99,2),(1543,'2001-07-07',1206,1,0,75,4,54),(1544,'2001-07-07',1604,1,2,167,-99,2),(1545,'2001-07-07',330,0,1,167,-99,7),(1546,'2001-07-09',1593,0,0,76,2,22),(1548,'2001-07-09',1267,0,0,211,6,2),(1549,'2001-07-09',1052,6,1,31,-99,71),(1550,'2001-07-11',249,0,1,192,-99,76),(1551,'2001-07-14',977,11,5,13,-99,71),(1553,'2001-07-19',766,3,4,70,1,68),(1554,'2001-07-19',590,7,0,130,-99,67),(1555,'2001-07-20',1634,0,0,211,-99,8),(1556,'2001-07-21',398,13,14,9,2,68),(1558,'2001-07-22',311,4,0,69,-99,73),(1559,'2001-07-22',593,3,0,201,-99,21),(1562,'2001-07-23',346,0,0,10,-99,7),(1563,'2001-07-23',1454,0,0,16,-99,15),(1564,'2001-07-23',1066,0,0,10,-99,25),(1565,'2001-07-23',1067,0,0,10,-99,67),(1566,'2001-07-23',996,0,0,10,-99,18),(1567,'2001-07-23',174,0,0,10,-99,99),(1568,'2001-07-24',1510,21,12,111,14,44),(1570,'2001-07-26',299,1,0,211,-99,53),(1572,'2001-07-27',1501,0,0,37,-99,34),(1573,'2001-07-27',192,0,0,37,-99,44),(1574,'2001-07-29',413,1,1,169,-99,11),(1575,'2001-07-31',1152,1,0,42,2,99),(1580,'2001-08-01',1792,0,0,211,10,89),(1581,'2001-08-01',312,5,8,136,-99,70),(1582,'2001-08-01',169,0,0,211,-99,103),(1584,'2001-08-02',1415,1,0,211,-99,15),(1585,'2001-08-02',1299,0,2,13,-99,34),(1591,'2001-08-05',1771,1,1,211,2,67),(1594,'2001-08-05',1238,15,0,122,12,67),(1595,'2001-08-06',1783,0,1,213,25,85),(1596,'2001-08-07',300,1,1,211,-99,76),(1604,'2001-08-08',792,1,0,139,-99,15),(1609,'2001-08-09',883,16,130,76,1,4),(1614,'2001-08-10',1786,0,0,138,30,67),(1615,'2001-08-11',1760,1,0,42,2,18),(1616,'2001-08-11',834,2,0,111,-99,67),(1618,'2001-08-13',1811,0,0,211,2,24),(1620,'2001-08-14',1805,0,0,11,2,45),(1621,'2001-08-14',1806,0,0,138,20,58),(1622,'2001-08-14',1813,0,0,138,80,99),(1624,'2001-08-14',541,0,2,211,2,69),(1631,'2001-08-16',1591,0,0,37,2,100),(1642,'2001-08-16',93,1,0,211,-99,53),(1651,'2001-08-19',1530,1,1,211,1,67),(1653,'2001-08-20',315,5,1,211,-99,68),(1661,'2001-08-21',1581,0,1,65,1,67),(1669,'2001-08-22',1610,0,0,42,4,100),(1673,'2001-08-22',1536,0,0,38,5,108),(1680,'2001-08-23',826,0,10,211,-99,54),(1689,'2001-08-26',1594,1,0,3,4,68),(1702,'2001-08-28',54,2,3,179,-99,34),(1711,'2001-08-30',386,5,0,13,-99,71),(1712,'2001-08-30',1229,3,7,111,-99,25),(1716,'2001-08-31',193,1,1,211,-99,20),(1717,'2001-08-31',704,0,0,13,-99,71),(1722,'2001-09-01',548,0,2,204,6,69),(1724,'2001-09-01',1125,1,0,211,1,68),(1725,'2001-09-02',1203,7,2,179,15,67),(1726,'2001-09-02',128,0,0,170,-99,25),(1727,'2001-09-02',325,0,0,37,-99,7),(1729,'2001-09-03',732,0,1,158,-99,67),(1730,'2001-09-03',793,0,0,158,-99,67),(1731,'2001-09-03',794,0,0,158,-99,67),(1732,'2001-09-03',795,0,2,158,-99,67),(1737,'2001-09-07',427,4,3,111,-99,36),(1740,'2001-09-08',298,1,0,211,1,18),(1743,'2001-09-09',1559,2,3,150,-99,48),(1745,'2001-09-11',1461,44,9,8,4,67),(1746,'2001-09-11',304,1,0,211,-99,18),(1747,'2001-12-09',221,0,1,151,-99,78),(1748,'2001-12-09',443,1,28,149,1,101),(1753,'2001-09-15',1045,4,0,31,-99,71),(1754,'2001-09-15',9,1,0,214,1,7),(1755,'2001-09-15',153,1,0,24,1,7),(1767,'2001-09-20',347,1,1,151,-99,71),(1768,'2001-09-21',134,0,1,214,1,7),(1769,'2001-09-23',533,0,1,211,1,67),(1774,'2001-09-24',343,1,0,151,-99,71),(1775,'2001-09-24',838,1,0,170,-99,18),(1779,'2001-10-02',74,1,8,31,-99,2),(1780,'2001-10-02',1825,0,1,211,2,15),(1781,'2001-10-03',232,0,0,198,-99,53),(1782,'2001-10-04',92,1,0,214,1,7),(1783,'2001-11-05',1689,0,3,150,-99,5),(1784,'2001-10-06',1499,2,4,211,-99,7),(1785,'2001-10-07',1747,2,0,150,1,67),(1786,'2001-10-08',776,1,0,210,-99,15),(1787,'2001-10-08',199,0,0,142,-99,86),(1788,'2001-10-10',32,24,0,55,-99,72),(1789,'2001-10-11',1055,5,0,170,-99,18),(1790,'2001-10-10',1540,1,1,211,1,68),(1791,'2001-10-10',251,24,0,210,-99,67),(1792,'2001-10-11',424,1,0,76,1,67),(1793,'2001-10-11',345,0,2,93,-99,71),(1794,'2001-11-10',291,2,0,170,12,15),(1795,'2001-11-10',701,12,0,210,-99,67),(1796,'2001-10-11',1670,0,0,211,-99,47),(1797,'2001-10-11',1168,0,0,211,-99,77),(1798,'2001-12-10',1692,2,0,151,-99,45),(1799,'2001-10-14',564,4,0,210,-99,2),(1800,'2001-10-15',489,0,0,59,6,21),(1803,'2001-10-16',294,1,0,210,-99,15),(1804,'2001-10-17',1659,0,0,211,-99,21),(1805,'2001-10-17',1284,4,0,13,-99,71),(1806,'2001-10-19',401,1,0,211,-99,61),(1807,'2001-10-00',631,0,2,211,-99,67),(1808,'2001-10-21',21,5,2,138,-99,67),(1809,'2001-10-22',1666,0,0,211,-99,53),(1810,'2001-10-22',1685,0,0,211,-99,22),(1811,'2001-10-24',1404,0,6,75,-99,71),(1812,'2001-10-25',216,4,24,136,-99,69),(1814,'2001-10-27',96,5,0,210,-99,67),(1815,'2001-10-28',316,1,0,138,-99,97),(1816,'2001-10-29',542,0,0,49,2,99),(1817,'2001-10-29',645,1,0,49,2,69),(1818,'2001-10-29',455,2,0,111,-99,77),(1819,'2001-10-30',1392,10,0,111,4,59),(1820,'2001-10-30',1089,0,0,151,-99,71),(1821,'2001-10-30',449,1,7,111,-99,69),(1822,'2001-11-01',1087,0,0,40,-99,18),(1823,'2001-11-01',1081,0,0,40,-99,18),(1824,'2001-11-01',1690,0,0,40,-99,26),(1827,'2001-10-23',1443,0,0,211,-99,53),(1828,'2001-11-01',1868,3,0,212,-99,67),(1829,'2001-11-04',60,0,0,75,-99,14),(1830,'2001-11-03',1671,0,0,211,-99,53),(1833,'2001-11-05',1714,24,0,80,300,27),(1834,'2001-11-00',272,0,0,80,-99,48),(1836,'2001-11-11',535,2,0,116,1,84),(1840,'2001-11-14',797,0,2,211,-99,77),(1841,'2001-11-14',320,0,0,133,-99,18),(1842,'2001-11-14',502,1,0,75,3,15),(1847,'2001-11-18',447,10,3,210,-99,67),(1848,'2001-11-19',1084,0,3,151,-99,69),(1849,'2001-11-00',254,0,2,211,-99,25),(1851,'2001-11-21',1154,1,0,75,4,18),(1852,'2001-11-22',1885,6,0,170,-99,67),(1853,'2001-11-23',1817,2,3,42,7,34),(1855,'2001-11-22',1244,12,0,170,-99,67),(1858,'2001-11-26',1814,2,5,42,2,100),(1859,'2001-11-27',1815,2,3,76,1,99),(1860,'2001-11-27',1063,0,1,151,-99,68),(1862,'2001-11-28',123,7,0,210,-99,67),(1863,'2001-11-29',1765,3,8,150,1,27),(1864,'2001-11-29',1816,4,8,150,1,27),(1865,'2001-11-29',1246,2,0,108,-99,69),(1866,'2001-11-29',1367,2,0,108,-99,69),(1867,'2001-11-29',1237,2,0,108,-99,69),(1868,'2001-11-29',662,2,0,108,-99,69),(1869,'2001-11-29',1313,1,0,108,-99,69),(1870,'2001-11-30',879,6,0,122,-99,69),(1871,'2001-11-30',1467,2,0,210,-99,82),(1872,'2001-11-30',549,0,0,113,-99,67),(1873,'2001-12-01',1724,0,0,156,-99,18),(1874,'2001-12-01',471,2,0,111,-99,68),(1876,'2001-12-03',852,1,2,170,-99,67),(1877,'2001-12-02',805,16,38,76,1,67),(1878,'2001-12-02',1830,7,0,134,-99,69),(1880,'2001-11-29',551,1,0,108,-99,69),(1881,'2001-12-03',1058,8,5,209,-99,19),(1882,'2001-12-03',1015,2,0,31,-99,71),(1883,'2001-12-03',1474,6,0,170,200,77),(1885,'2001-12-10',374,0,0,138,-99,73),(1886,'2001-12-12',375,0,0,155,-99,57),(1887,'2001-12-00',1470,0,0,138,5,18),(1888,'2001-12-12',1083,10,25,3,-99,69),(1889,'2001-12-12',633,1,0,169,-99,113),(1890,'2001-12-12',376,0,0,155,-99,67),(1893,'2001-12-14',1490,0,0,151,-99,71),(1895,'2001-12-17',1497,0,0,211,40,81),(1896,'2001-12-17',1006,1,0,3,-99,71),(1902,'2001-12-23',1496,0,0,211,-99,4),(1903,'2001-12-22',1566,0,0,120,-99,18),(1905,'2001-12-30',226,6,0,102,15,67),(1910,'2002-01-04',890,2,0,75,-99,84),(1914,'2002-01-05',674,1,0,75,2,84),(1915,'2002-01-05',1475,1,0,98,1,3),(1917,'2002-01-12',635,1,0,169,2,69),(1918,'2002-01-15',252,1,0,3,-99,71),(1919,'2002-01-15',222,1,1,158,2,68),(1921,'2002-01-16',1059,1,0,75,-99,71),(1922,'2002-01-16',1090,13,5,136,10,67),(1924,'2002-01-17',1210,2,8,131,-99,74),(1926,'2002-01-18',937,7,15,167,-99,35),(1927,'2002-01-19',1532,7,0,211,-99,71),(1928,'2002-01-19',556,0,1,13,-99,71),(1929,'2002-01-19',966,0,0,179,-99,106),(1930,'2002-01-17',1377,0,0,211,-99,46),(1932,'2002-01-23',1030,1,2,167,-99,73),(1933,'2002-01-24',1413,0,0,129,-99,46),(1934,'2002-01-24',1533,17,0,211,-99,71),(1936,'2002-01-26',536,0,4,211,1,34),(1937,'2002-01-26',1831,0,8,211,-99,67),(1938,'2002-01-27',1749,14,0,42,1,34),(1939,'2002-01-28',926,0,0,31,-99,34),(1940,'2002-01-28',927,0,0,31,-99,34),(1941,'2002-01-28',928,1,19,31,-99,27),(1942,'2002-01-30',1141,0,0,170,-99,53),(1943,'2002-01-31',1088,2,1,76,2,71),(1944,'2002-01-31',206,4,5,131,-99,67),(1945,'2002-01-31',182,2,4,211,-99,99),(1950,'2002-02-02',1686,14,10,142,-99,67),(1957,'2002-02-04',317,9,3,129,-99,67),(1959,'2002-01-30',279,0,1,122,-99,84),(1960,'2002-05-00',1646,0,0,170,-99,18),(1961,'2002-02-05',1356,3,1,179,-99,25),(1962,'2002-02-05',984,9,13,13,20,71),(1963,'2002-02-05',985,13,0,13,20,68),(1964,'2002-02-05',1575,0,1,42,1,22),(1969,'2002-02-11',1669,0,0,211,3,53),(1970,'2002-02-11',1687,0,0,211,3,53),(1971,'2002-02-12',276,0,0,122,-99,15),(1972,'2002-02-12',275,0,0,122,-99,84),(1974,'2002-02-14',976,3,0,13,30,34),(1975,'2002-02-16',1583,0,0,151,-99,81),(1976,'2002-02-16',669,1,0,13,3,18),(1977,'2002-02-18',1611,4,3,3,1,71),(1978,'2002-02-17',1498,0,0,122,-99,27),(1979,'2002-02-19',1612,1,0,3,1,99),(1980,'2002-02-19',1187,0,2,37,-99,15),(1982,'2002-02-20',1270,0,8,119,-99,100),(1983,'2002-02-20',379,3,6,119,200,67),(1984,'2002-02-22',1608,1,0,75,-99,77),(1986,'2002-02-23',1149,0,0,156,-99,18),(1987,'2002-02-25',1482,1,9,3,2,101),(1989,'2002-02-25',909,0,0,180,2,15),(1991,'2002-02-28',1585,2,0,211,-99,20),(1992,'2002-03-00',1678,0,0,170,-99,67),(1993,'2002-01-03',1261,1,1,75,-99,15),(1994,'2002-03-01',910,0,0,180,2,15),(1995,'2002-03-00',99,3,0,170,-99,18),(1996,'2002-03-00',1054,1,0,3,-99,25),(1997,'2002-04-03',1191,0,0,170,-99,18),(1998,'2002-04-03',1189,1,0,210,-99,82),(2000,'2002-04-05',554,1,2,151,-99,71),(2001,'2002-03-09',1520,3,37,3,2,67),(2002,'2002-03-09',968,0,7,13,-99,29),(2003,'2002-03-12',1693,1,1,151,-99,68),(2004,'2002-03-12',982,0,4,13,-99,25),(2005,'2002-03-12',1053,0,2,13,-99,29),(2007,'2002-03-18',1148,0,0,207,40,18),(2009,'2002-03-19',576,1,0,168,2,77),(2010,'2002-03-19',817,3,0,75,2,48),(2011,'2002-03-20',1161,2,2,75,3,15),(2012,'2002-03-21',1603,4,60,3,1,67),(2013,'2002-03-21',1345,1,2,75,2,77),(2014,'2002-03-23',949,0,3,13,-99,71),(2015,'2002-03-24',1653,2,15,211,1,85),(2016,'2002-03-24',175,1,0,75,-99,99),(2017,'2002-03-24',438,0,0,59,-99,21),(2020,'2002-03-27',1620,1,1,211,1,75),(2021,'2002-03-00',563,0,0,170,-99,67),(2022,'2002-03-29',172,1,0,75,-99,84),(2023,'2002-03-30',1072,2,0,170,-99,11),(2024,'2002-01-04',1273,0,3,211,2,1),(2025,'2002-04-01',1178,2,35,211,2,69),(2026,'2002-04-01',66,2,12,211,-99,67),(2027,'2002-04-01',1061,21,0,179,-99,29),(2028,'2002-04-01',338,7,4,142,-99,73),(2029,'2002-04-03',869,3,0,113,100,67),(2030,'2002-04-04',1572,15,5,145,100,34),(2032,'2002-04-07',835,12,70,170,-99,67),(2033,'2002-04-08',333,2,12,131,-99,7),(2034,'2002-04-09',1029,5,4,131,-99,113),(2035,'2002-04-09',1834,0,1,170,-99,76),(2036,'2002-04-11',509,21,30,8,1,86),(2037,'2002-11-04',1700,0,14,211,-99,8),(2038,'2002-11-04',1042,4,1,122,-99,69),(2041,'2002-04-12',1505,7,50,3,1,67),(2043,'2002-04-12',482,3,6,150,1,67),(2044,'2002-04-13',1354,0,9,13,-99,71),(2045,'2002-04-14',667,2,2,211,-99,15),(2047,'2002-04-15',991,4,29,101,-99,67),(2049,'2002-04-17',1647,0,0,170,-99,18),(2050,'2002-04-00',578,2,7,63,-99,67),(2051,'2002-04-19',1185,0,0,138,-99,18),(2052,'2002-04-19',933,0,0,13,-99,86),(2053,'2002-04-00',1588,24,15,189,-99,67),(2054,'2002-04-22',1028,1,0,211,-99,15),(2055,'2002-04-22',1484,1,2,3,3,113),(2056,'2002-04-00',1241,0,0,170,10,18),(2057,'2002-04-26',959,9,18,170,-99,72),(2058,'2002-04-26',1549,60,0,114,-99,78),(2060,'2002-04-28',404,9,34,211,-99,74),(2062,'2002-05-00',1434,0,0,138,-99,77),(2063,'2002-05-00',713,0,0,138,-99,77),(2068,'2002-05-01',1874,3,0,13,-99,71),(2072,'2002-05-02',1328,3,0,131,-99,67),(2073,'2002-05-04',1614,0,0,42,1,67),(2075,'2002-05-05',801,15,0,179,50,29),(2077,'2002-05-06',1291,3,0,179,20,34),(2080,'2002-05-08',1554,79,0,114,-99,67),(2081,'2002-05-08',1555,79,0,114,-99,67),(2082,'2002-05-08',1556,78,0,114,-99,67),(2083,'2002-05-08',1557,78,0,114,-99,67),(2084,'2002-05-08',1558,78,0,114,-99,67),(2087,'2002-05-09',127,1,2,13,-99,71),(2090,'2002-05-11',573,0,0,211,2,42),(2097,'2002-05-14',1157,1,0,170,10,99),(2099,'2002-05-16',1296,3,0,13,-99,71),(2100,'2002-05-17',59,0,0,13,-99,71),(2101,'2002-05-19',881,2,0,63,-99,85),(2102,'2002-05-18',234,0,0,75,4,18),(2105,'2002-05-23',772,0,2,37,-99,49),(2106,'2002-05-25',105,2,0,210,12,18),(2107,'2002-05-25',962,0,1,13,-99,25),(2108,'2002-05-27',103,0,1,13,-99,29),(2109,'2002-05-28',560,1,1,75,-99,68),(2110,'2002-05-29',1660,0,1,75,3,53),(2111,'2002-05-29',57,27,0,31,4,67),(2112,'2002-01-05',1130,0,0,217,-99,86),(2113,'2002-05-31',1676,0,1,211,-99,18),(2114,'2002-03-05',1715,0,0,170,-99,67),(2116,'2002-04-06',1729,2,0,170,5,85),(2118,'2002-06-06',768,1,0,149,1,68),(2121,'2002-06-07',47,2,1,13,12,71),(2122,'2002-06-07',39,4,0,13,10,71),(2123,'2002-06-09',1445,0,4,129,-99,11),(2124,'2002-06-09',783,0,0,129,-99,11),(2125,'2002-06-09',255,0,0,129,-99,7),(2126,'2002-06-11',1360,12,9,129,-99,67),(2127,'2002-06-12',163,12,9,31,-99,99),(2130,'2002-06-13',383,1,0,65,2,15),(2131,'2002-06-14',27,6,1,31,3,71),(2132,'2002-06-14',28,6,0,31,3,71),(2133,'2002-06-16',515,5,3,133,-99,67),(2135,'2002-06-17',94,2,5,13,-99,34),(2136,'2002-06-17',788,3,0,75,2,69),(2137,'2002-06-19',1483,7,37,76,1,101),(2138,'2002-06-20',1568,7,0,158,2,71),(2140,'2002-06-22',858,2,0,13,-99,71),(2142,'2002-06-27',599,1,8,211,-99,100),(2144,'2002-07-01',731,1,1,13,-99,25),(2146,'2002-07-06',981,3,0,13,-99,71),(2147,'2002-07-06',571,2,3,13,-99,71),(2148,'2002-07-08',1740,0,2,128,1,100),(2152,'2002-07-10',591,10,3,31,-99,71),(2155,'2002-07-13',62,3,0,13,3,71),(2156,'2002-07-00',575,9,5,136,-99,67),(2158,'2002-07-17',121,7,0,13,-99,71),(2159,'2002-07-17',673,8,0,170,-99,76),(2160,'2002-07-19',1579,1,0,211,2,68),(2161,'2002-07-20',135,0,8,170,-99,22),(2163,'2002-07-23',608,1,18,132,-99,67),(2164,'2002-07-00',377,0,0,75,5,61),(2165,'2002-07-24',1073,3,6,170,-99,25),(2167,'2002-07-25',705,0,0,13,-99,3),(2170,'2002-07-27',989,0,21,211,-99,67),(2171,'2002-07-28',1395,1,3,211,10,34),(2172,'2002-07-00',1684,0,4,170,-99,22),(2174,'2002-08-00',1629,0,0,193,-99,49),(2175,'2002-08-25',417,2,2,170,-99,67),(2186,'2002-08-08',948,1,3,75,-99,97),(2187,'2002-08-08',972,1,0,13,8,24),(2190,'2002-08-09',1738,20,80,211,-99,61),(2194,'2002-08-11',143,1,2,13,-99,29),(2195,'2002-08-11',497,0,0,59,-99,21),(2196,'2002-08-12',935,0,0,211,-99,62),(2200,'2002-08-15',145,26,0,31,-99,71),(2201,'2002-08-16',584,26,0,129,-99,67),(2202,'2002-08-18',430,0,0,59,-99,76),(2203,'2002-08-20',1773,1,0,138,20,97),(2204,'2002-08-20',104,1,2,179,10,23),(2205,'2002-08-20',1024,2,0,31,-99,71),(2206,'2002-08-21',1867,1,0,211,2,18),(2207,'2002-08-19',1422,1,0,170,-99,97),(2208,'2002-08-21',1171,1,0,75,-99,18),(2209,'2002-08-22',1784,1,0,73,1,18),(2210,'2002-08-00',683,8,0,122,-99,69),(2211,'2002-08-23',1517,1,0,3,-99,71),(2212,'2002-08-25',598,1,0,35,8,18),(2213,'2002-08-25',1034,4,3,131,2,25),(2216,'2002-08-29',1672,0,0,75,2,54),(2217,'2002-08-29',1104,0,0,67,-99,18),(2219,'2002-01-08',362,1,0,170,2,18),(2220,'2002-09-01',1021,2,0,13,-99,71),(2221,'2002-02-09',431,1,1,151,-99,71),(2222,'2002-09-01',513,1,0,131,-99,15),(2223,'2002-09-02',807,0,1,122,-99,18),(2224,'2002-09-02',1488,0,0,59,-99,76),(2225,'2002-09-05',706,1,0,75,2,25),(2226,'2002-09-05',894,1,0,131,-99,15),(2227,'2002-09-05',80,3,3,13,-99,71),(2228,'2002-09-05',1869,1,0,131,-99,15),(2229,'2002-09-06',1221,0,1,211,1,20),(2230,'2002-09-07',1140,0,0,114,-99,67),(2231,'2002-09-08',1731,3,0,75,-99,67),(2232,'2002-09-08',672,5,0,131,2,69),(2233,'2002-09-09',390,0,1,211,2,42),(2234,'2002-09-07',892,0,0,114,-99,67),(2235,'2002-09-11',176,12,18,132,-99,67),(2236,'2002-09-12',1344,4,9,179,15,71),(2237,'2002-09-13',1062,11,0,31,20,71),(2238,'2002-09-14',1674,0,0,114,-99,85),(2239,'2002-09-15',239,1,5,8,-99,67),(2240,'2002-09-15',1243,1,12,75,-99,76),(2241,'2002-09-15',889,1,12,75,-99,76),(2242,'2002-09-15',920,0,12,75,-99,76),(2243,'2002-09-16',1075,18,0,167,-99,35),(2244,'2002-09-16',268,0,2,122,-99,67),(2245,'2002-09-17',1886,0,5,61,-99,49),(2246,'2002-09-17',632,0,0,211,-99,69),(2247,'2002-09-19',1537,6,50,76,1,99),(2248,'2002-09-19',1248,14,5,114,-99,67),(2249,'2002-09-19',231,2,0,122,-99,69),(2250,'2002-09-19',331,1,0,4,-99,15),(2251,'2002-09-19',5,0,2,179,10,23),(2252,'2002-09-22',1721,1,0,75,-99,15),(2253,'2002-09-23',1453,1,0,129,4,45),(2254,'2002-09-24',1376,33,70,75,2,86),(2255,'2002-09-25',1606,4,6,75,4,14),(2256,'2002-09-28',1696,2,35,91,-99,11),(2257,'2002-09-29',35,0,0,129,-99,86),(2258,'2002-09-29',385,7,0,131,-99,67),(2259,'2002-09-28',1695,1,90,91,-99,11),(2260,'2002-09-29',1525,0,0,120,50,44),(2261,'2002-10-00',1539,0,0,181,-99,5),(2262,'2002-10-00',389,0,0,181,-99,5),(2263,'2002-10-00',310,0,0,181,-99,2),(2264,'2002-10-00',348,0,0,181,-99,76),(2265,'2002-10-00',349,0,0,181,-99,76),(2266,'2002-10-00',350,0,0,181,-99,76),(2267,'2002-10-00',351,0,0,181,-99,76),(2268,'2002-10-01',1199,13,1,131,-99,67),(2269,'2002-10-01',36,13,0,31,-99,71),(2270,'2002-10-02',8,13,0,31,7,71),(2271,'2002-10-02',580,1,0,139,-99,67),(2272,'2002-10-03',943,0,0,25,1,47),(2273,'2002-10-03',955,1,0,124,1,68),(2274,'2002-10-02',597,1,18,211,1,74),(2275,'2002-10-04',1432,0,0,217,2,6),(2276,'2002-10-06',510,1,12,8,-99,59),(2277,'2002-10-07',1755,0,0,145,25,90),(2278,'2002-10-08',1753,4,0,129,2,34),(2280,'2002-10-08',613,0,4,151,-99,71),(2281,'2002-10-07',1222,1,0,65,2,48),(2282,'2002-10-09',1091,1,0,211,-99,73),(2283,'2002-10-09',243,0,4,61,-99,74),(2284,'2002-10-12',511,2,0,13,15,71),(2285,'2002-10-12',899,52,0,114,27,67),(2286,'2002-10-15',1013,0,4,158,-99,99),(2287,'2002-10-18',1859,1,0,211,2,18),(2289,'2002-10-20',213,7,0,131,-99,67),(2291,'2002-10-22',1578,16,50,150,2,99),(2292,'2002-10-23',414,0,0,211,-99,47),(2293,'2002-10-27',1746,4,0,3,1,1),(2294,'2002-10-27',1544,22,12,136,15,67),(2295,'2002-10-27',305,0,0,167,-99,18),(2296,'2002-10-28',1584,1,0,197,2,45),(2297,'2002-10-29',986,8,0,31,-99,71),(2298,'2002-10-29',247,0,0,174,2,86),(2299,'2002-10-29',990,0,0,211,-99,8),(2300,'2002-10-29',224,0,0,174,2,1),(2301,'2002-10-30',168,1,1,211,-99,103),(2302,'2002-10-30',381,0,0,211,-99,100),(2305,'2002-11-08',1618,1,3,211,1,25),(2306,'2002-11-13',779,0,3,138,-99,54),(2308,'2002-11-15',1172,2,9,211,-99,99),(2309,'2002-11-15',1668,0,5,211,-99,53),(2310,'2002-11-17',1705,0,0,211,-99,11),(2312,'2002-11-18',1074,0,0,211,-99,55),(2313,'2002-11-19',527,1,5,170,-99,8),(2314,'2002-11-19',528,1,5,170,-99,8),(2316,'2002-11-20',1615,0,0,211,40,100),(2318,'2002-11-21',1694,6,2,129,-99,73),(2320,'2002-11-21',1287,6,2,13,-99,71),(2321,'2002-11-22',1625,2,4,150,2,29),(2323,'2002-11-23',1823,9,12,179,-99,29),(2325,'2002-11-25',538,0,2,86,2,21),(2326,'2002-11-25',426,0,1,75,-99,17),(2327,'2002-11-26',675,2,1,13,-99,25),(2329,'2002-11-28',974,0,4,179,-99,94),(2332,'2002-12-12',1332,6,0,13,-99,94),(2333,'2002-12-13',1373,0,32,211,-99,2),(2334,'2002-12-13',1212,0,32,211,-99,2),(2335,'2002-12-13',1661,0,1,170,-99,18),(2336,'2002-12-00',1664,0,0,41,-99,53),(2337,'2002-12-16',728,0,0,41,-99,21),(2338,'2002-12-16',1456,0,0,41,-99,53),(2340,'2002-12-18',1297,2,2,179,-99,34),(2342,'2002-12-21',941,1,0,111,1,109),(2343,'2002-12-23',1289,1,2,13,20,94),(2344,'2002-12-27',1290,1,5,13,-99,23),(2359,'2003-01-09',49,2,0,13,-99,29),(2361,'2003-01-12',1589,2,0,150,2,73),(2364,'2003-01-15',865,1,7,211,-99,8),(2365,'2003-01-15',676,0,0,13,-99,71),(2367,'2003-01-17',1383,1,0,76,1,32),(2371,'2003-01-20',457,0,0,59,1,2),(2376,'2003-01-23',141,1,0,179,-99,18),(2377,'2003-01-23',519,0,0,13,-99,49),(2379,'2003-02-00',1092,2,0,179,18,97),(2380,'2003-02-00',1093,2,0,179,18,97),(2381,'2003-02-00',1094,2,0,179,18,97),(2382,'2003-02-00',1095,3,0,179,18,97),(2383,'2003-02-00',1096,1,2,179,18,97),(2384,'2003-02-00',1097,0,2,179,18,97),(2388,'2003-02-03',1769,0,0,211,1,37),(2389,'2003-02-06',1047,4,0,3,2,29),(2391,'2003-02-09',543,0,3,211,2,71),(2393,'2003-02-09',1306,1,0,179,-99,25),(2396,'2003-02-10',1574,11,0,146,40,22),(2397,'2003-02-10',1124,0,0,211,5,37),(2398,'2003-02-14',1405,0,0,11,-99,14),(2399,'2003-02-15',969,1,0,13,-99,71),(2400,'2003-02-16',1281,2,0,13,20,25),(2402,'2003-02-25',666,1,0,193,-99,18),(2403,'2003-03-02',566,3,0,13,-99,29),(2404,'2003-03-03',1797,0,0,109,20,67),(2405,'2003-03-03',567,1,10,13,-99,29),(2407,'2003-03-04',34,1,0,179,5,69),(2408,'2003-03-08',30,0,2,179,18,97),(2412,'2003-03-12',546,0,0,165,3,14),(2413,'2003-03-12',1262,1,0,218,1,17),(2415,'2003-03-13',1750,1,0,211,1,15),(2417,'2003-03-15',1752,13,9,79,10,25),(2420,'2003-03-17',994,0,0,211,1,21),(2421,'2003-03-18',1500,3,1,211,1,77),(2426,'2003-03-22',464,0,0,19,-99,5),(2428,'2003-03-24',1412,0,0,211,-99,46),(2430,'2003-03-26',402,1,5,211,-99,108),(2431,'2003-03-26',1280,9,0,31,-99,71),(2433,'2003-03-29',1744,6,0,211,1,34),(2434,'2003-03-31',1531,0,0,129,1,27),(2438,'2003-04-12',1582,1,0,193,2,97),(2440,'2003-04-17',1322,1,0,211,1,18),(2441,'2003-04-18',1194,1,0,111,2,15),(2442,'2003-04-19',91,0,0,75,20,67),(2443,'2003-04-19',1138,0,0,186,100,4),(2444,'2003-04-21',1279,3,0,13,-99,24),(2445,'2003-04-22',1106,1,1,111,-99,69),(2446,'2003-04-00',862,60,0,75,-99,67),(2447,'2003-04-28',1065,0,0,211,1,67),(2450,'2003-05-00',1658,5,0,123,-99,67),(2451,'2003-05-04',1283,2,3,31,-99,71),(2452,'2003-05-05',544,0,0,165,2,21),(2454,'2003-05-07',274,1,1,211,-99,69),(2458,'2003-05-08',1621,1,0,3,1,30),(2464,'2003-05-19',1624,1,3,76,1,35),(2465,'2003-05-19',710,0,0,170,10,10),(2474,'2003-05-25',729,0,0,21,-99,40),(2475,'2003-05-26',987,14,0,31,-99,71),(2477,'2003-05-27',1236,1,0,179,-99,25),(2480,'2003-05-30',1622,1,0,56,1,34),(2484,'2003-06-00',119,4,10,110,-99,29),(2485,'2003-06-03',454,0,0,59,-99,12),(2487,'2003-06-05',1754,20,11,42,1,35),(2488,'2003-06-05',1598,0,0,59,-99,12),(2489,'2003-06-07',1748,6,29,8,1,37),(2490,'2003-06-08',1767,7,4,76,3,27),(2491,'2003-06-15',1804,3,0,211,3,103),(2501,'2003-06-23',1781,1,0,211,4,77),(2504,'2003-07-01',1388,1,0,3,1,36),(2505,'2003-07-01',1312,2,0,179,17,25),(2506,'2003-07-03',1381,3,0,153,5,24),(2507,'2003-07-03',1382,1,0,153,2,24),(2510,'2003-07-04',1391,3,0,179,20,18),(2513,'2003-07-05',1235,4,0,179,20,25),(2514,'2003-07-08',1379,2,1,105,10,18),(2515,'2003-07-09',970,1,2,13,-99,25),(2517,'2003-07-14',1380,5,2,193,12,25),(2520,'2003-07-16',1396,1,3,211,2,29),(2526,'2003-07-25',1751,1,3,145,50,22),(2528,'2003-07-28',682,3,6,13,-99,25),(2529,'2003-07-29',1390,1,0,193,30,73),(2532,'2003-07-31',111,3,3,31,-99,34),(2535,'2003-08-03',686,0,0,26,-99,86),(2537,'2003-08-10',418,1,2,13,20,25),(2538,'2003-08-12',1481,2,2,211,1,101),(2541,'2003-08-24',687,0,0,26,-99,86),(2544,'2003-09-01',24,1,1,13,-99,94),(2546,'2003-09-05',73,2,3,179,-99,71),(2547,'2003-09-06',727,0,0,21,-99,40),(2548,'2003-09-10',690,1,0,13,-99,94),(2549,'2003-09-17',1200,9,0,31,-99,29),(2552,'2003-09-23',1486,4,4,8,4,6),(2553,'2003-09-23',651,2,2,179,-99,29),(2554,'2003-09-24',1111,0,4,11,5,34),(2555,'2003-09-24',1233,0,0,211,-99,49),(2556,'2003-09-26',1523,2,2,211,1,71),(2559,'2003-09-30',22,8,3,31,-99,29),(2562,'2003-10-09',434,1,3,3,1,36),(2563,'2003-10-10',1285,2,0,13,20,25),(2565,'2003-10-17',1282,3,13,13,-99,23),(2567,'2003-10-25',1494,0,0,211,-99,76),(2569,'2003-10-29',1348,3,0,31,-99,71),(2581,'2003-11-18',1766,2,0,211,1,36),(2582,'2003-11-18',1041,1,0,13,-99,25),(2583,'2003-11-18',594,1,0,13,-99,25),(2591,'2003-11-24',1201,3,0,13,-99,71),(2592,'2003-11-24',971,3,0,13,-99,71),(2604,'2003-12-06',26,0,4,179,-99,71),(2605,'2003-12-06',1057,1,0,13,-99,25),(2606,'2003-12-08',1764,0,0,3,3,67),(2607,'2003-12-10',973,0,2,179,-99,9),(2609,'2003-12-16',160,2,0,13,-99,25),(2623,'2004-01-12',1385,4,0,193,24,25),(2627,'2004-01-27',1232,3,0,179,-99,34),(2629,'2004-01-31',975,2,10,13,-99,71),(2630,'2004-02-01',568,2,0,13,17,71),(2631,'2004-02-05',98,5,2,179,-99,23),(2632,'2004-02-05',1745,56,70,114,300,65),(2633,'2004-02-07',1516,0,0,59,-99,12),(2634,'2004-02-10',561,4,0,179,-99,2),(2635,'2004-02-11',507,0,1,179,-99,25),(2637,'2004-02-12',118,7,3,179,9,23),(2639,'2004-02-27',1599,116,0,1,1,57),(2640,'2004-02-28',521,0,1,211,-99,84),(2641,'2004-03-01',235,1,0,211,2,84),(2642,'2004-03-06',1619,1,0,193,2,62),(2643,'2004-03-07',866,2,4,13,-99,29),(2644,'2004-03-10',702,1,0,13,-99,85),(2645,'2004-03-12',139,2,0,179,4,21),(2646,'2004-03-16',1080,0,3,13,-99,25),(2649,'2004-03-19',602,0,2,211,1,17),(2650,'2004-03-27',445,0,1,211,-99,45),(2651,'2004-03-28',1872,0,0,111,2,109),(2652,'2004-04-04',1311,8,60,118,-99,29),(2656,'2004-04-11',531,1,0,13,-99,25),(2657,'2004-04-12',108,2,1,13,-99,34),(2659,'2004-04-15',1803,1,0,211,3,45),(2662,'2004-04-17',1770,2,3,211,1,36),(2663,'2004-04-20',1553,2,6,211,200,68),(2672,'2004-04-26',650,2,3,179,3,25),(2673,'2004-04-27',1564,4,2,211,4,46),(2674,'2004-04-30',4,4,0,31,5,71),(2675,'2004-04-30',1272,4,0,31,5,71),(2678,'2004-05-01',1302,0,2,13,-99,25),(2679,'2004-05-01',384,2,0,179,-99,71),(2680,'2004-05-02',775,4,0,179,-99,94),(2682,'2004-05-03',1623,7,2,160,2,71),(2684,'2004-05-09',1514,4,53,176,1,17),(2686,'2004-05-17',133,2,13,179,-99,29),(2688,'2004-05-21',1331,1,5,179,-99,29),(2692,'2004-05-30',1011,3,11,179,-99,29),(2693,'2004-05-31',997,1,0,111,-99,53),(2695,'2004-06-05',652,2,2,13,-99,25),(2696,'2004-06-05',1190,3,0,197,-99,77),(2701,'2004-06-14',980,1,0,13,-99,34),(2705,'2004-06-23',1046,5,0,13,-99,71),(2706,'2004-06-26',1336,0,0,197,-99,71),(2709,'2004-07-03',760,3,0,13,-99,23),(2710,'2004-07-03',1292,0,0,13,-99,34),(2711,'2004-07-03',136,0,5,13,-99,29),(2713,'2004-07-08',439,0,1,111,1,85),(2714,'2004-07-09',1842,1,0,211,3,53),(2716,'2004-07-00',130,0,0,197,-99,27),(2717,'2004-07-15',1777,2,0,211,2,25),(2722,'2004-07-28',277,0,0,75,-99,18),(2725,'2004-07-00',565,1,0,197,-99,7),(2729,'2004-08-03',1301,0,0,13,-99,50),(2730,'2004-08-03',1362,0,5,111,-99,110),(2734,'2004-08-11',1791,2,16,3,1,71),(2735,'2004-08-11',796,1,0,211,-99,93),(2736,'2004-08-00',1853,1,0,197,-99,68),(2737,'2004-08-15',979,0,2,13,-99,29),(2738,'2004-08-16',614,1,0,111,2,15),(2739,'2004-08-20',451,1,0,211,-99,25),(2740,'2004-08-21',873,0,2,111,-99,34),(2741,'2004-08-24',1742,46,0,88,2,42),(2742,'2004-08-24',1741,44,0,88,2,42),(2745,'2004-08-25',117,0,1,13,-99,100),(2748,'2004-08-25',37,0,0,13,-99,100),(2751,'2004-09-02',1854,3,0,197,-99,71),(2752,'2004-09-03',747,0,2,211,1,20),(2754,'2004-09-03',1330,5,0,13,-99,71),(2755,'2004-09-05',1565,10,51,88,1,102),(2756,'2004-09-08',911,0,0,165,1,77),(2757,'2004-09-11',1865,1,0,13,4,94),(2758,'2004-09-12',756,5,4,197,-99,34),(2759,'2004-09-12',1452,1,0,197,1,21),(2760,'2004-09-12',361,1,0,197,1,26),(2762,'2004-09-14',403,0,0,197,-99,108),(2763,'2004-09-15',151,0,0,179,1,25),(2765,'2004-09-16',140,5,3,179,-99,29),(2766,'2004-09-16',150,4,0,13,-99,23),(2767,'2004-09-18',1266,1,0,111,-99,15),(2768,'2004-09-19',33,1,0,13,3,25),(2769,'2004-09-22',1156,8,53,197,1,28),(2770,'2004-09-22',827,0,0,197,-99,29),(2771,'2004-09-22',1155,2,19,197,1,29),(2773,'2004-09-23',184,1,1,211,-99,15),(2776,'2004-09-27',1166,1,0,111,2,109),(2777,'2004-09-28',1183,1,0,211,2,53),(2778,'2004-09-30',358,41,10,197,-99,29),(2779,'2004-10-03',1324,1,0,95,4,53),(2784,'2004-10-05',999,2,0,111,2,69),(2786,'2004-10-06',1864,1,0,111,6,71),(2793,'2004-10-19',1325,1,1,111,2,84),(2796,'2004-10-25',89,0,2,13,-99,22),(2797,'2004-10-25',1710,1,0,111,-99,67),(2801,'2004-11-00',1023,0,0,82,-99,107),(2805,'2004-11-04',1317,2,2,13,-99,23),(2806,'2004-11-04',236,1,1,111,-99,18),(2807,'2004-11-08',51,3,0,13,-99,23),(2809,'2004-11-11',654,1,1,179,-99,29),(2812,'2004-11-19',781,2,0,111,-99,14),(2813,'2004-11-26',1133,0,2,111,5,29),(2814,'2004-11-27',1027,1,3,13,-99,25),(2815,'2004-11-28',1352,1,3,178,6,68),(2817,'2004-11-29',1254,1,3,111,2,99),(2820,'2004-12-06',1528,9,5,8,5,46),(2821,'2004-12-08',524,0,0,211,-99,53),(2824,'2004-12-09',978,0,0,13,-99,29),(2825,'2004-12-08',1250,0,0,111,-99,110),(2832,'2004-12-12',1785,0,0,211,10,108),(2834,'2004-12-15',526,1,4,179,-99,34),(2837,'2004-12-27',730,0,0,59,4,12),(2838,'2005-01-01',1512,0,0,211,-99,5),(2847,'2005-01-07',1193,1,4,3,2,34),(2848,'2005-01-08',237,3,38,43,-99,67),(2849,'2005-01-10',1587,1,1,1,7,39),(2852,'2005-01-12',769,0,0,59,2,12),(2858,'2005-01-18',1506,2,8,76,1,34),(2861,'2005-01-19',1836,1,0,179,15,71),(2866,'2005-01-22',967,1,0,179,-99,34),(2873,'2005-02-05',1473,1,3,162,-99,53),(2878,'2005-02-08',3,1,0,13,-99,25),(2879,'2005-02-11',1128,14,22,211,1,86),(2881,'2005-02-12',907,1,2,211,-99,93),(2882,'2005-02-13',1225,0,0,211,-99,14),(2883,'2005-02-15',480,0,0,211,-99,21),(2885,'2005-02-18',366,4,7,13,-99,29),(2887,'2005-02-21',709,3,38,211,-99,14),(2888,'2005-02-25',1469,9,11,143,-99,47),(2890,'2005-02-28',523,0,1,111,-99,34),(2893,'2005-03-03',1534,0,0,196,1,69),(2895,'2005-03-03',1535,0,1,196,1,97),(2897,'2005-03-05',1177,6,3,47,-99,67),(2898,'2005-03-05',42,1,0,111,-99,68),(2899,'2005-03-06',211,1,0,111,-99,15),(2901,'2005-03-08',1642,1,0,111,-99,67),(2902,'2005-03-08',1339,1,0,111,-99,69),(2906,'2005-03-09',71,0,0,13,-99,100),(2912,'2005-03-11',1361,0,2,13,-99,29),(2913,'2005-03-11',1251,0,3,111,-99,110),(2919,'2005-03-13',1286,0,2,13,8,71),(2922,'2005-03-14',202,0,0,8,1,18),(2923,'2005-03-15',1451,1,0,111,-99,68),(2931,'2005-03-17',405,0,0,211,2,5),(2935,'2005-03-18',1164,0,0,111,1,67),(2940,'2005-03-19',723,0,0,21,-99,40),(2959,'2005-03-24',87,2,0,179,-99,34),(2962,'2005-03-26',1707,1,1,211,1,12),(2965,'2005-03-26',522,5,0,47,-99,93),(2974,'2005-03-28',922,0,3,47,2,93),(2975,'2005-03-28',1009,0,0,111,4,68),(2979,'2005-03-29',818,0,2,13,-99,29),(2980,'2005-03-30',722,0,0,21,-99,40),(2981,'2005-03-30',711,0,1,111,-99,109),(2982,'2005-03-28',1739,0,7,111,-99,67),(2983,'2005-03-31',370,1,0,211,4,25),(2986,'2005-04-01',603,1,0,111,2,84),(2987,'2005-04-01',604,1,0,111,2,84),(2988,'2005-04-01',529,0,0,111,-99,67),(2991,'2005-04-03',360,1,0,179,-99,71),(2992,'2005-04-04',877,1,0,111,-99,18),(2993,'2005-04-04',1663,0,0,111,-99,21),(2995,'2005-04-05',1082,0,1,111,-99,32),(2996,'2005-04-05',1265,1,0,111,-99,15),(2997,'2005-04-06',364,1,1,131,8,22),(2998,'2005-04-07',1298,14,0,179,5,71),(2999,'2005-04-07',944,0,3,111,5,71),(3000,'2005-04-08',1020,2,0,13,-99,39),(3001,'2005-04-08',1350,0,1,111,4,34),(3002,'2005-04-08',442,1,0,111,1,93),(3005,'2005-04-11',1158,1,0,111,2,15),(3006,'2005-04-11',1277,1,0,111,-99,15),(3011,'2005-04-13',120,2,5,13,-99,71),(3012,'2005-04-13',653,3,3,13,-99,25),(3014,'2005-04-14',67,0,0,211,100,86),(3016,'2005-04-15',930,0,0,111,-99,27),(3017,'2005-04-18',380,0,2,160,1,27),(3018,'2005-04-19',422,0,0,111,3,27),(3020,'2005-04-20',1122,0,0,111,-99,25),(3021,'2005-04-21',851,1,0,211,-99,71),(3024,'2005-04-23',708,1,1,13,-99,18),(3026,'2005-04-24',1264,0,4,111,2,85),(3027,'2005-04-26',227,0,0,111,-99,21),(3028,'2005-04-27',699,0,1,111,2,110),(3031,'2005-04-28',1716,1,0,211,4,53),(3032,'2005-04-28',1036,1,0,111,-99,109),(3033,'2005-04-29',587,2,1,13,-99,29),(3038,'2005-05-03',1879,1,1,13,-99,34),(3040,'2005-05-03',924,0,0,47,15,93),(3046,'2005-05-10',1876,1,1,13,-99,24),(3047,'2005-05-11',13,0,2,13,-99,34),(3048,'2005-05-14',429,3,1,211,-99,68),(3051,'2005-05-16',508,6,0,211,-99,22),(3052,'2005-05-16',64,0,1,211,-99,67),(3054,'2005-05-17',326,1,5,211,-99,7),(3055,'2005-05-18',1464,1,0,111,-99,68),(3056,'2005-05-18',208,1,1,111,-99,15),(3060,'2005-05-20',1491,1,0,76,3,75),(3061,'2005-05-20',1703,0,0,211,2,22),(3062,'2005-05-21',923,1,0,47,-99,93),(3065,'2005-05-24',1,0,0,111,-99,67),(3066,'2005-05-28',114,1,0,179,-99,71),(3067,'2005-05-30',562,2,5,179,-99,29),(3068,'2005-05-31',688,1,0,111,-99,34),(3073,'2005-06-02',1358,0,0,211,3,89),(3074,'2005-06-03',474,0,5,211,-99,93),(3076,'2005-06-05',1617,1,0,211,2,18),(3081,'2005-06-07',670,13,7,179,-99,23),(3082,'2005-06-08',1393,0,0,211,1,93),(3084,'2005-06-09',1050,2,2,111,-99,15),(3087,'2005-06-11',698,2,6,111,-99,15),(3088,'2005-06-11',1137,2,5,111,-99,15),(3090,'2005-06-12',1234,1,1,13,-99,23),(3092,'2005-06-13',113,3,0,13,-99,23),(3093,'2005-06-13',1877,4,6,13,-99,23),(3094,'2005-06-13',1363,0,2,211,-99,61),(3096,'2005-06-15',1626,1,0,211,1,18),(3098,'2005-06-15',1430,0,2,111,-99,24),(3099,'2005-06-15',444,0,2,111,-99,22),(3103,'2005-06-18',6,2,0,179,-99,25),(3107,'2005-06-22',84,1,2,13,-99,71),(3108,'2005-06-22',65,0,3,111,-99,71),(3109,'2005-06-22',63,0,1,111,1,25),(3110,'2005-06-23',1288,1,5,179,-99,25),(3114,'2005-06-28',1402,0,0,79,1,15),(3116,'2005-07-01',1031,0,0,211,5,85),(3117,'2005-07-01',945,2,0,8,1,15),(3119,'2005-07-01',1846,1,0,205,1,86),(3124,'2005-07-02',100,1,0,111,-99,25),(3132,'2005-07-05',1398,8,7,107,5,86),(3138,'2005-07-05',755,3,0,48,-99,94),(3147,'2005-07-06',512,2,0,211,3,25),(3149,'2005-07-06',52,4,0,179,20,34),(3150,'2005-07-06',1037,1,13,13,-99,29),(3151,'2005-07-07',1492,8,171,8,1,102),(3152,'2005-07-07',884,27,340,8,1,102),(3153,'2005-07-07',695,7,163,8,1,102),(3154,'2005-07-07',1371,14,110,8,1,99),(3157,'2005-07-08',808,0,0,211,-99,5),(3158,'2005-07-08',901,0,0,211,-99,86),(3161,'2005-07-09',1366,0,0,211,-99,86),(3162,'2005-07-10',1873,25,47,8,1,28),(3163,'2005-07-10',1004,9,0,211,2,18),(3167,'2005-07-11',761,0,0,105,5,25),(3168,'2005-07-11',904,0,0,211,-99,46),(3171,'2005-07-12',369,3,15,211,1,34),(3173,'2005-07-12',829,1,0,13,3,25),(3174,'2005-07-12',832,1,1,179,-99,25),(3180,'2005-07-13',828,0,1,13,-99,25),(3181,'2005-07-14',1208,3,13,8,2,66),(3183,'2005-07-14',1862,0,0,111,-99,22),(3184,'2005-07-14',1134,0,1,111,-99,24),(3187,'2005-07-15',1151,1,2,211,1,29),(3190,'2005-07-15',368,9,15,211,1,34),(3191,'2005-07-16',1447,5,13,211,1,96),(3192,'2005-07-16',1389,4,18,211,1,22),(3193,'2005-07-16',1399,8,0,211,2,86),(3210,'2005-07-20',1446,8,16,79,1,29),(3211,'2005-07-20',1387,8,25,211,1,28),(3212,'2005-07-21',656,15,0,193,84,67),(3220,'2005-07-21',201,0,2,211,2,24),(3221,'2005-07-21',804,2,0,111,-99,23),(3225,'2005-07-23',1410,0,0,37,2,3),(3226,'2005-07-23',1702,1,0,193,2,14),(3232,'2005-07-24',485,1,3,211,2,1),(3233,'2005-07-24',1400,3,2,183,15,25),(3235,'2005-07-25',1394,1,1,193,2,19),(3236,'2005-07-25',1409,12,10,211,1,8),(3238,'2005-07-25',1397,3,25,211,1,22),(3253,'2005-07-27',1384,1,1,211,4,15),(3254,'2005-07-27',1592,17,20,211,10,5),(3263,'2005-07-29',1401,2,18,7,2,39),(3265,'2005-07-29',1098,2,4,179,-99,23),(3268,'2005-07-29',1386,44,57,8,1,25),(3283,'2005-08-02',1871,1,0,111,2,68),(3287,'2005-08-07',1485,0,0,208,15,108),(3294,'2005-08-12',339,0,4,111,-99,67),(3299,'2005-08-16',48,3,0,31,-99,68),(3300,'2005-08-16',1259,0,2,111,-99,24),(3304,'2005-08-20',655,0,0,179,-99,22),(3305,'2005-08-20',1357,0,0,111,-99,53),(3308,'2005-08-22',954,0,0,111,-99,36),(3315,'2005-08-28',88,15,12,179,-99,34),(3316,'2005-08-29',1688,1,2,211,2,53),(3319,'2005-08-31',266,0,1,111,-99,25),(3320,'2005-09-00',467,0,0,19,-99,18),(3321,'2005-09-01',124,1,0,179,4,18),(3322,'2005-09-02',1408,1,6,211,3,29),(3327,'2005-09-04',1012,0,2,111,2,27),(3329,'2005-09-05',1257,0,0,111,-99,22),(3330,'2005-09-07',1518,1,0,160,100,84),(3332,'2005-09-08',946,2,5,111,-99,29),(3335,'2005-09-09',882,1,1,111,-99,93),(3340,'2005-09-11',264,0,3,111,-99,25),(3342,'2005-09-13',107,3,2,179,-99,29),(3343,'2005-09-13',137,1,0,13,-99,25),(3344,'2005-09-14',806,1,4,211,3,50),(3345,'2005-09-14',407,1,0,111,-99,85),(3346,'2005-09-15',831,0,0,179,-99,107),(3348,'2005-09-16',29,4,3,13,-99,71),(3351,'2005-09-17',830,1,0,13,-99,1),(3355,'2005-09-21',859,0,4,111,2,23),(3357,'2005-09-22',646,8,4,179,-99,29),(3358,'2005-09-24',1173,1,5,179,-99,29),(3359,'2005-09-25',115,2,0,13,-99,22),(3361,'2005-09-26',146,3,0,13,-99,29),(3365,'2005-09-27',158,3,1,13,-99,67),(3366,'2005-09-28',1364,1,2,211,2,61),(3367,'2005-09-29',988,1,0,111,1,93),(3368,'2005-09-29',1551,29,0,211,300,71),(3370,'2005-09-30',154,1,0,13,-99,72),(3371,'2005-09-30',1174,2,1,111,2,71),(3372,'2005-10-01',870,1,0,111,2,77),(3375,'2005-10-04',1455,1,1,3,1,36),(3376,'2005-10-05',1840,1,1,111,1,68),(3377,'2005-10-06',1116,3,2,179,-99,71),(3378,'2005-10-06',813,0,9,111,-99,34),(3380,'2005-10-08',81,1,5,13,-99,34),(3381,'2005-10-11',888,1,0,111,-99,50),(3382,'2005-10-12',1870,1,0,111,-99,50),(3383,'2005-10-14',43,2,0,13,7,2),(3386,'2005-10-18',1503,4,0,7,2,18),(3387,'2005-10-19',1167,1,0,111,2,18),(3394,'2005-10-25',164,4,2,13,4,34),(3395,'2005-10-26',82,1,0,13,-99,34),(3399,'2005-10-30',102,1,1,13,-99,68),(3400,'2005-10-30',906,1,1,13,4,25),(3401,'2005-10-30',53,1,7,179,10,23),(3402,'2005-10-30',11,0,1,179,-99,21),(3404,'2005-10-31',106,0,1,13,-99,34),(3405,'2005-10-31',1258,1,3,111,1,25),(3406,'2005-11-05',671,1,0,111,-99,67),(3407,'2005-11-09',1526,20,34,8,1,8),(3408,'2005-11-09',1515,20,33,8,1,8),(3409,'2005-11-09',1513,21,33,8,2,8),(3411,'2005-11-11',72,1,4,13,5,97),(3412,'2005-11-12',1077,0,4,13,-99,29),(3413,'2005-11-13',38,0,0,13,-99,34),(3414,'2005-11-14',86,0,0,179,-99,18),(3415,'2005-11-16',691,0,0,179,-99,71),(3416,'2005-11-16',167,1,0,111,-99,71),(3417,'2005-11-18',246,4,25,111,-99,86),(3418,'2005-11-17',860,0,1,111,-99,69),(3419,'2005-11-17',267,0,7,211,-99,19),(3421,'2005-11-24',1256,1,5,211,-99,35),(3422,'2005-11-24',1239,0,4,211,-99,36),(3425,'2005-12-02',1349,0,0,179,-99,22),(3432,'2005-12-06',961,0,0,13,-99,29),(3433,'2005-12-06',1184,7,1,111,-99,34),(3434,'2005-12-07',220,1,8,111,-99,7),(3437,'2005-12-12',1253,1,17,111,-99,25),(3442,'2005-12-18',1085,1,0,160,1,34),(3443,'2005-12-20',101,0,0,211,-99,86),(3446,'2005-12-25',1112,4,6,120,10,100),(3447,'2005-12-25',1351,1,8,211,-99,18),(3449,'2005-12-27',1242,1,1,111,1,25),(3450,'2005-12-28',1071,0,1,111,-99,25),(3451,'2005-12-29',433,4,8,150,1,36),(3453,'2005-12-30',1170,0,4,211,-99,23);
/*!40000 ALTER TABLE `events` ENABLE KEYS */;
UNLOCK TABLES;

--
-- Table structure for table `groups`
--

DROP TABLE IF EXISTS `groups`;
/*!40101 SET @saved_cs_client     = @@character_set_client */;
/*!50503 SET character_set_client = utf8mb4 */;
CREATE TABLE `groups` (
  `group_id` int NOT NULL AUTO_INCREMENT,
  `group_name` varchar(255) COLLATE utf8mb4_unicode_ci NOT NULL,
  PRIMARY KEY (`group_id`)
) ENGINE=InnoDB AUTO_INCREMENT=220 DEFAULT CHARSET=utf8mb4 COLLATE=utf8mb4_unicode_ci;
/*!40101 SET character_set_client = @saved_cs_client */;

--
-- Dumping data for table `groups`
--

LOCK TABLES `groups` WRITE;
/*!40000 ALTER TABLE `groups` DISABLE KEYS */;
INSERT INTO `groups` VALUES (1,'Abu Sayyaf Group (ASG)'),(2,'Akhilesh Singh Gang'),(3,'Al-Aqsa Martyrs Brigade'),(4,'Al-Arifeen'),(5,'Al-Fatah'),(6,'Al-Ma\'unah'),(7,'Al-Mansoorian'),(8,'Al-Qaida'),(9,'Al-Umar Mujahideen'),(10,'Albanian extremists'),(11,'Albanian National Army (ANA)'),(12,'Albanian Separatists'),(13,'Algerian Islamic Extremists'),(14,'Algerian Moslem Fundamentalists'),(15,'Allied Democratic Forces (ADF)'),(16,'Anarchist Squad'),(17,'Anarchists'),(18,'Andres Castro United Front'),(19,'Animal Liberation Front (ALF)'),(20,'Animal Rights extremists'),(21,'Anti-Abortion extremists'),(22,'Anti-Government extremists'),(23,'Anti-Government Group'),(24,'Anti-Immigrant extremists'),(25,'Anti-Kim Jong-il extremists'),(26,'Anti-Muslim extremists'),(27,'Anti-Semitic extremists'),(28,'Anti-United States extremists'),(29,'Anti-White extremists'),(30,'Armata di Liberazione Naziunale (ALN)'),(31,'Armed Islamic Group (GIA)'),(32,'Armed People'),(33,'Army of God'),(34,'Aryan Republican Army'),(35,'Bandits'),(36,'Bangladesh Sarbahara Party'),(37,'Basque Fatherland and Freedom (ETA)'),(38,'Beja Congress'),(39,'Black Nationalists'),(40,'Cambodian Freedom Fighters (CFF)'),(41,'CCCCC'),(42,'Chechen Rebels'),(43,'Christian extremists'),(44,'Chukakuha Revolutionary Army'),(45,'Civil Defense Force (CDF)'),(46,'Civil War Veterans'),(47,'Colonel Karuna Faction'),(48,'Communist Party of India - Maoist (CPI-Maoist)'),(49,'Continuity Irish Republican Army (CIRA)'),(50,'Corsican National Liberation Front (FLNC)'),(51,'Croat Democratic Union'),(52,'CSS Movement'),(53,'Cuban Exiles'),(54,'Dayak gang'),(55,'Death Squad'),(56,'Democratic Front for the Liberation of Palestine (DFLP)'),(57,'Devrimici Halk Kurtulus Cephesi (DHKP/C)'),(58,'Dissident Republicans'),(59,'Earth Liberation Front (ELF)'),(60,'Environmentalists'),(61,'Extremists'),(62,'Fighters of Democratic Latvia'),(63,'Forces for the Defense of Democracy (FDD)'),(64,'Former Soldiers/Police'),(65,'Free Aceh Movement (GAM)'),(66,'Free Vietnam Movement'),(67,'Front for Peace and Reconciliation (FRP)'),(68,'Fundamentalists'),(69,'Georgian Militants'),(70,'Gilad Shalhevet Brigades'),(71,'Government Supporters'),(72,'Great Eastern Islamic Raiders Front (IBDA-C)'),(73,'Guadalcanal Liberation Front (GLF)'),(74,'Guerrillas'),(75,'Gunmen'),(76,'Hamas (Islamic Resistance Movement)'),(77,'Harkatul Jihad-e-Islami'),(78,'Hezbollah'),(79,'Hizbul Mujahideen (HM)'),(80,'Hutu extremists'),(81,'Hutus Former Soldiers'),(82,'Initiative de Resistance Internationaliste'),(83,'Inkatha Freedom Party (IFP)'),(84,'Insurgents'),(85,'International Solidarity'),(86,'Irish Republican Army (IRA)'),(87,'Irish Republican Extremists'),(88,'Islambouli Brigades of al-Qaida'),(89,'Islamic Defenders\' Front (FPI)'),(90,'Islamic Jihad Organization (Yemen)'),(91,'Islamic Shashantantra Andolon (ISA)'),(92,'Islamist extremists'),(93,'Israeli extremists'),(94,'Israeli settlers'),(95,'Jama\'atul Mujahideen Bangladesh (JMB)'),(96,'Jamaat-E-Islami (Bangladesh)'),(97,'Jewish Fighting Organization (Eyal)'),(98,'Jihadi-inspired extremists'),(99,'Kamtapur Liberation Organization (KLO)'),(100,'Karbi National Volunteers (KNV)'),(101,'Karen National Union'),(102,'Karenni National Progressive Party'),(103,'Kashmiri extremists'),(104,'Khmer Rouge'),(105,'Kurdistan Workers\' Party (PKK)'),(106,'Lashkar-e-Jhangvi'),(107,'Lashkar-e-Taiba (LeT)'),(108,'Laskar Jihad'),(109,'Left-wing extremists'),(110,'Left-Wing Guerrillas'),(111,'Liberation Tigers of Tamil Eelam (LTTE)'),(112,'Liberation War Veterans Association'),(113,'Liberians United for Reconciliation and Democracy (LURD)'),(114,'Lord\'s Resistance Army (LRA)'),(115,'Loyalist Volunteer Forces (LVF)'),(116,'Loyalists'),(117,'Macheteros'),(118,'Mahdi Army'),(119,'Maoist Communist Center (MCC)'),(120,'Maoists'),(121,'Mayi Mayi'),(122,'Militants'),(123,'Militia Members'),(124,'Miscreants'),(125,'Moro Islamic Liberation Front (MILF)'),(126,'Movement of Democratic Forces of Casamance'),(127,'Mujahedin-e Khalq (MEK)'),(128,'Mujahideen Islam Pattani'),(129,'Muslim extremists'),(130,'Muslim Fundamentalists'),(131,'Muslim Militants'),(132,'Muslim Rebels'),(133,'Muslim Separatists'),(134,'Muslims'),(135,'Muttahida Qami Movement (MQM)'),(136,'National Democratic Front of Bodoland (NDFB)'),(137,'National Liberation Army (Ecuador)'),(138,'National Liberation Army of Colombia (ELN)'),(139,'National Liberation Front of Tripura (NLFT)'),(140,'National Socialist Council of Nagaland'),(141,'National Socialist Council of Nagaland-Isak-Muivah (NSCN-IM)'),(142,'National Union for the Total Independence of Angola (UNITA)'),(143,'Nationalist Integrationist Front (FNI)'),(144,'Neo-Nazi extremists'),(145,'New People\'s Army (NPA)'),(146,'Ninjas'),(147,'November 17 Revolutionary Organization (N17RO)'),(148,'Opposition Group'),(149,'Palestinian Extremists'),(150,'Palestinian Islamic Jihad (PIJ)'),(151,'Palestinians'),(152,'Paramilitaries'),(153,'Pattani United Liberation Organization (PULO)'),(154,'People\'s Liberation Army (India)'),(155,'People\'s Revolutionary Army (ERP)'),(156,'People\'s War Group (PWG)'),(157,'Phineas Priesthood'),(158,'Popular Front for the Liberation of Palestine (PFLP)'),(159,'Popular Liberation Army (EPL)'),(160,'Popular Resistance Committees'),(161,'Protestant extremists'),(162,'Purbo Banglar Communist Party'),(163,'Rahanwein Resistance Army (RRA)'),(164,'Rastas'),(165,'Real Irish Republican Army (RIRA)'),(166,'Rebel Military Unit'),(167,'Rebels'),(168,'Red Brigades Fighting Communist Union (BR-UCC)'),(169,'Red Hand Defenders (RHD)'),(170,'Revolutionary Armed Forces of Colombia (FARC)'),(171,'Revolutionary Perspective'),(172,'Revolutionary United Front (RUF)'),(173,'Right-Wing Death Squad'),(174,'Right-Wing Group'),(175,'Right-Wing Paramilitaries'),(176,'Riyadus-Salikhin Reconnaissance and Sabotage Battalion of Chechen Martyrs'),(177,'Rodolfo Walsh National Command'),(178,'Salafi Daawa Group'),(179,'Salafist Group for Preaching and Fighting (GSPC)'),(180,'Scottish National Liberation Army'),(181,'Separatists'),(182,'Shia Muslim extremists'),(183,'Shining Path (SL)'),(184,'Sipah-e-Sahaba/Pakistan (SSP)'),(185,'Skinheads'),(186,'Strikers'),(187,'Students Islamic Movement of India (SIMI)'),(188,'Sudan Liberation Movement'),(189,'Sudan People\'s Liberation Army (SPLA)'),(190,'Sunni Muslim extremists'),(191,'Supporters of Saddam Hussein'),(192,'Supreme Council for Islamic Revolution in Iraq (SCIRI)'),(193,'Taliban'),(194,'Tamil Nadu Liberation Army'),(195,'Tamils'),(196,'Tanzim'),(197,'Tawhid and Jihad'),(198,'Terena Indians'),(199,'The Justice Department'),(200,'Turkish radicals'),(201,'Tutsi extremists'),(202,'U/I Liberian Gunmen'),(203,'U/I Somali Militiamen'),(204,'Ulster Freedom Fighters (UFF)'),(205,'Ulster Volunteer Force (UVF)'),(206,'United Bengali Liberation Front (UBLF)'),(207,'United Kuki Liberation Front (UKLF) - India'),(208,'United Liberation Front of Assam (ULFA)'),(209,'United People\'s Democratic Solidarity (UPDS)'),(210,'United Self Defense Units of Colombia (AUC)'),(211,'Unknown'),(212,'Villagers'),(213,'Vishwa Hindu Parishad (VHP)'),(214,'White supremacists/nationalists'),(215,'World Church of the Creator'),(216,'Yemenis'),(217,'Youths'),(218,'Zemun Clan'),(219,'Zimbabwe African Nationalist Union (ZANU)');
/*!40000 ALTER TABLE `groups` ENABLE KEYS */;
UNLOCK TABLES;

--
-- Table structure for table `locations`
--

DROP TABLE IF EXISTS `locations`;
/*!40101 SET @saved_cs_client     = @@character_set_client */;
/*!50503 SET character_set_client = utf8mb4 */;
CREATE TABLE `locations` (
  `location_id` int NOT NULL AUTO_INCREMENT,
  `location_name` varchar(45) COLLATE utf8mb4_unicode_ci NOT NULL,
  `address` varchar(255) COLLATE utf8mb4_unicode_ci DEFAULT NULL,
  `city` varchar(45) COLLATE utf8mb4_unicode_ci NOT NULL,
  `country_id` int NOT NULL,
  PRIMARY KEY (`location_id`),
  KEY `country_id_idx` (`country_id`),
  CONSTRAINT `country_id` FOREIGN KEY (`country_id`) REFERENCES `countries` (`country_id`)
) ENGINE=InnoDB AUTO_INCREMENT=1888 DEFAULT CHARSET=utf8mb4 COLLATE=utf8mb4_unicode_ci;
/*!40101 SET character_set_client = @saved_cs_client */;

--
-- Dumping data for table `locations`
--

LOCK TABLES `locations` WRITE;
/*!40000 ALTER TABLE `locations` DISABLE KEYS */;
INSERT INTO `locations` VALUES (1,'','\"Colony 39\" settlement in uncleared areas of Ampara district, in eastern Sri Lanka','Ampara',186),(2,'','\"Near the Soujod fortifications in the central sector of the 15 km (nine mile)-deep zone Israel occupies in south Lebanon\"','Sejoud',110),(3,'','10 KM northeast of El-Milia','Beni Ferguene',6),(4,'','10 southwest of Berrouaghia','Mongorno',6),(5,'','100 KM east of Algiers','Tizi Ghenif',6),(6,'','100 KM southeast of Djelfa','El-Djer',6),(7,'','100 KM west of Algiers','Cherchell',6),(8,'','100 KM west of Algiers','Oued Chorfa',6),(9,'','10819 Elam Rd, Pleasant Grove','Dallas',217),(10,'','112 kilometers north of Multan','Shorkot',153),(11,'','12 KM east of Boumerds','Zemmouri',6),(12,'','12 KM from the municipality of Sidi Larbi','Sidi M\'Barek',6),(13,'','12 KM northeast of El-Milia','Ouled Arbi',6),(14,'','120 kilometers south of Lahore','Faisalabad',153),(15,'','120 KM west of Algiers','Khemis Miliana',6),(16,'','1255 W. Avenue I','Lancaster',217),(17,'','1259 Lake Plaza Drive','Colorado Springs',217),(18,'','125th Street','New York City',217),(19,'','130 KM west of Algiers','Khemis Miliana',6),(20,'','130 miles from Bogota','Santa Barbara',45),(21,'','130 miles northwest of Bogota','El Penol',45),(22,'','14 KM from Berrouaghia','Mongorno',6),(23,'','1496 Old Brodhead Road, Center Township, Beaver County, approximately 25 miles northwest of Pittsburgh','Monaca',217),(24,'','15 KM from Beni Ziad','Lembatel',6),(25,'','15 KM from Tipasa','Hameur El Ain',6),(26,'','15 KM from Ziama Mansouria','Bir Ghazala',6),(27,'','15 KM south of Algiers; Kheraisia region','Doura',6),(28,'','15 KM south of Algiers; Kheraisia region','Doura',6),(29,'','15 MK from Ouled Attita','Siouane',6),(30,'','150 KM west of Illizi','Unknown',6),(31,'','150 miles northwest of Bogota','Barbosa',45),(32,'','155 miles south of Bogota, in the valley of the Cauca river','Buga district',45),(33,'','16 KM east of Boumerds','Zemmouri',6),(34,'','16 KM east of Boumerds','Zemmouri',6),(35,'','160 kilometers east of Quetta','Sibi',153),(36,'','160 KM west of Algiers','Oued Chorfa',6),(37,'','163 KM east of the Ahnif train station','Ahnif',6),(38,'','17 KM east of Boumerds','Zemmouri',6),(39,'','17 KM east of Sidi Bel Abbes; Zerouala region','Louza',6),(40,'','170 km south of Agartala (capital of the state of Tripura)','Dhalai district',92),(41,'','170 KM west of Algiers','Ait Sidi Maamar',6),(42,'','18 kilometers north of Batticaloa town','Vanthaarumoolai',186),(43,'','18 KM from Gragem','Oued Ouarzeg',6),(44,'','1900 Cochran Rd','Pittsburgh',217),(45,'','1924 Piedmont Road','Atlanta',217),(46,'','1924 Piedmont Road','Atlanta',217),(47,'','2 KM from Larbaa; hamlet of Chorfa','Tabaran',6),(48,'','20 KM from Blida','Ain Romana',6),(49,'','20 KM from Bouziane','Bouziane',6),(50,'','20 KM from Tizi Ouzou','Tadmait',6),(51,'','20 KM south of Relizane','Sidi Mohamed Benaouda',6),(52,'','20 KM south of Tizi Ouzou; road connecting Tizi Ouzou to Boghni','Tizi Ouzou',6),(53,'','20 KM southeast of Jijel','Taher',6),(54,'','20 KM southwest of Jijel; Hamza region','Jijel',6),(55,'','20 South Pines','Spokane Valley',217),(56,'','200 KM west of Algiers','El Marsa',6),(57,'','200 KM west of Algiers','Sendjas',6),(58,'','2020 North Academy Blvd.','Colorado Springs',217),(59,'','208 KM west of Algiers','Chlef',6),(60,'','215 miles north of Bogota','Caldas',45),(61,'','217 miles north of Bogota','Saravena',45),(62,'','22 KM east of Tipasa; near Rocher Plat beach','Bou Haroun',6),(63,'','220 kilometers (135 miles) east of Colombo','Batticaloa',186),(64,'','230 kilometers (140 miles) northeast of Colombo','Trincomalee',186),(65,'','230 kilometers northeast of Colombo','Trincomalee',186),(66,'','230 miles southwest of Peshawar','Spenki Raghzai',153),(67,'','24 km southeast of Baghdada','Baghdad',95),(68,'','246 Bastovanska Street in Surcin, a suburb of Belgrade','Surcin',235),(69,'','248 miles south of Algiers','Laghouat',6),(70,'','25 kilometres (15 miles) off the coast of Mullaitivu','Mullaitivu district',186),(71,'','25 KM east of Boumerds','Ammal',6),(72,'','25 KM from Maghnia','Beni Boussaid',6),(73,'','25 KM from the municipality of Beni Amrane','Toulmout',6),(74,'','250 KM south of Algiers','Laghouat',6),(75,'','27 KM west of Algiers','Staoueli',6),(76,'','27 KM west of Algiers','Staoueli',6),(77,'','270 KM southwest of Algiers','Djelfa',6),(78,'','275 Carpenter Dr NE, Sandy Springs','Sandy Springs',217),(79,'','275 Carpenter Dr NE, Sandy Springs','Sandy Springs',217),(80,'','3 KM east of Miliana','Ouled Brahim',6),(81,'','3 KM east of Ouled Aissa','Tentara',6),(82,'','3 KM from Beni Oulbane','Beni Ouelbane',6),(83,'','3 KM from Boukadir','Douaidia',6),(84,'','3 KM from Oum Toub','Beni Ghasdoune',6),(85,'','30 KM east of Algiers','Thenia',6),(86,'','30 KM east of Algiers','Boumerds',6),(87,'','30 KM east of Algiers; near Boumerds','Thenia',6),(88,'','30 KM south of Khenchela; Mita area; Sidi Babar Municipality','Djedida',6),(89,'','30 KM west of Skikda; road linking Skikda to the Collo massif','Skikda',6),(90,'','300 kilometers east of Sanaa','Unknown',228),(91,'','300 miles northwest of Bogota','Isla Mucura',45),(92,'','3021 Big Town Blvd','Mesquite',217),(93,'','31 miles outside Rio de Janeiro','Mage',30),(94,'','330 KM east of Algiers','El-Aouana',6),(95,'','340 KM west of Algiers','Tiaret',6),(96,'','340 miles north of Bogota','Chiriguana',45),(97,'','35 km south of Agartala','Jampuijala',92),(98,'','35 KM south of Tizi Ouzou','Boghni',6),(99,'','35 miles north of Bogota','Zipacon district',45),(100,'','350 meters away from the Kalkudah police station, 230 kilometers (140 miles) east of Colombo','Kalkudah',186),(101,'','3668 Clifton AvenueCincinnati, OH 45220','Cincinnati',217),(102,'','4 KM from Corso','Benrahmoune',6),(103,'','4 KM from El Ancer','Taboukar',6),(104,'','4 KM north of Rghaa; near Ech Chet beach','Rghaa',6),(105,'','40 kilometers from Florencia','La Montanita district',45),(106,'','40 KM east of Boumerds','Baghlia',6),(107,'','40 KM east of Boumerds','Sahel Boubarak',6),(108,'','40 KM south of Sada','Oum Doud',6),(109,'','40 miles from Bogota','Silvania',45),(110,'','40 miles south of Algiers','Hai El Ketab',6),(111,'','400 KM east of Algiers','Atba',6),(112,'','4225 East Towne Blvd.','Madison',217),(113,'','43 KM west of Tipasa','Hadjaret Enes',6),(114,'','430 KM east of Algiers','Batna',6),(115,'','430 KM southeast of Algiers','Rebahia',6),(116,'','430 Penn Avenue','Wilkinsburg',217),(117,'','45 KM east of Bouira','Ahnif',6),(118,'','45 KM west of Bjaa','Tighremt',6),(119,'','450 kilometres north-west of Bogota','Granada',45),(120,'','450 KM west of Algiers','Relizane',6),(121,'','5 KM from Boukadir','Ouled Allal',6),(122,'','5 KM from Khemis-Miliana','Sidi Lakhdar',6),(123,'','50 kilometers from Medellin and 220 kilometers northwest of Bogota','Montebello',45),(124,'','50 KM east of Algiers','Boumerds',6),(125,'','50 KM northeast of Chlef','Abou El Hassen',6),(126,'','50 KM west of Algiers','Hadjout',6),(127,'','50 KM west of Algiers','Cherchell',6),(128,'','50 miles outside of Bogota','Puente Quetame',45),(129,'','500 Chestnut St., Carnegie','Pittsburgh',217),(130,'','500 meters from a U.S. military base in Ramadi','Ramadi',95),(131,'','500 meters from town hall','Kness',6),(132,'','500 metres (yards) away from a navy camp and 100 metres (yards) from a police checkpoint at Magalla, 73 miles (116 kilometres) south of Colombo.','Galle',186),(133,'','52 KM north of Stif','Babors',6),(134,'','521 S. Buckner Blvd','Dallas',217),(135,'','530 kilometers from Bogota','Guadalupe',45),(136,'','54 kilometers west of Skikda','Collo',6),(137,'','55 KM east of Boumerds','Ben Choud',6),(138,'','6 KM from Boufarik','Haouch Nahas',6),(139,'','60 KM east of Boumerds','Dellys',6),(140,'','60 KM south of Messaad; 80 KM southeast of Djelfa','Oued Jeddi',6),(141,'','60 KM southeast of Algiers','Si Mustapha',6),(142,'','60 kms north of Sanaa','Amran',228),(143,'','630 KM east of Algiers','Marsat',6),(144,'','7 KM from Bordj Thar','Acherar',6),(145,'','7 KM from Harchoun; 40 KM from Chlef','Khodr',6),(146,'','70 KM east of Djelfa','Ouzina',6),(147,'','70 KM south of Algiers','Hamaida',6),(148,'','70 KM south of Algiers','Hamaida',6),(149,'','70 KM west of Algiers','Tipasa',6),(150,'','700 KM east of Algiers','Tbessa',6),(151,'','73 KM southwest of Jijel','Erraguene',6),(152,'','788 Elmspring Road, Mount Lebanon','Pittsburgh',217),(153,'','7956 E University Dr','Mesa',217),(154,'','8 KM from Ain Rich','Ain Rich',6),(155,'','8 KM north of El Omaria','Tafal',6),(156,'','80 km (50 miles) north of Karachi','Hyderabad',153),(157,'','80 KM south of Algiers','Koutitene',6),(158,'','80 KM southeast of Djelfa','Boukahil',6),(159,'','800 kilometers southeast of Addis Ababa','Kebri-Dehar',65),(160,'','90 KM south of Algiers','Mda',6),(161,'','90 miles south of Muzaffarabad, Kashmir','Islamgarh',153),(162,'','901 West Street','Wilkinsburg',217),(163,'','91 KM south of Algiers','Mda',6),(164,'','91 KM southwest of Algiers','Mda',6),(165,'','A baggage-locker area in a railway terminal in Kokshetau','Kokshetau',103),(166,'','A basketball court in Crkvena Vodica, near Obilic, five miles northwest of Pristina','Crkvena Vodica',1003),(167,'','A bicycle in Kalmunai','Kalmunai',186),(168,'','A bridge at New Canada railway station in Suweto','Soweto',183),(169,'','A bridge over the Kuban river on Nevinnomyssk-Dombai highway in Karachay-Cherkessia\'s capital of Cherkessk','Cherkessk',167),(170,'','A building belonging to the Chechen government in Grozny','Grozny',167),(171,'','A building located on Lanomendi Street, in Getxo near Bilbao','Getxo',185),(172,'','A building on Chornovil Street','Kyiv',214),(173,'','A bus in the state of Andhra Pradesh\'s district of Karimnagar','Karimnagar',92),(174,'','A bus near Tetovo','Vratnice',118),(175,'','A bus on the Abud bypass road, passing the village of Umm Safah, near Ateret, north of Ramallah','Umm Safah',155),(176,'','A bus stand in Surankote, Poonch district, 210 kilometers northwest of Jammu','Surankot',92),(177,'','A bus station','Baghdad',95),(178,'','A bus station in the northern Kashmir region','Unknown',92),(179,'','A bus stop near Lyudmila marketplace in Pyatigorsk','Pyatigorsk',167),(180,'','A bus traveling between Dimapur and Wokha, in Wokha district','Wokha district',92),(181,'','A bus traveling in the outskirts of Batticaloa city, 220 kilometers east of Colombo','Batticaloa',186),(182,'','A bus traveling near Satnaur in Hoshiarpur district','Satnaur',92),(183,'','A bus traveling on Highwya 90 north of Jericho, near Ouja','Jericho',155),(184,'','A busy street in Colombo','Colombo',186),(185,'','A cabaret club in a hotel in Tebessa, 370 miles from Algiers','Tebessa',6),(186,'','A caf in Batna','Batna',6),(187,'','A caf on National Road 44 in Djenane El Aneb, 12 kilometers from Skikda','Djenane El Aneb',6),(188,'','A camp for displaced people in Bundibugyo district, Western Uganda','Unknown',213),(189,'','A camp in southern Makamba province','Unknown',34),(190,'','A campaign rally in Fieri in southern Albania','Fier',5),(191,'','A campaigning tent in Port Shepstone, about 100 kilometers south of Durban','Port Shepstone',183),(192,'','A car at Malaga airport','Churriana',185),(193,'','A car in Gaza City','Gaza',155),(194,'','A car in Ramallah, in the West Bank','Ramallah',155),(195,'','A car on the Leningradskoye highway around the area of the Pobedy bridge, Central district','Moscow',167),(196,'','A car outside of House 13 on Ulitsa Borisovskie Prudi street in the southern area of Moscow, close to Kashirskoye Shosse','Moscow (Brateevo District)',167),(197,'','A car park in Oslo\'s residential suburb of Holmlia','Holmlia',151),(198,'','A cassava farm in Quinzango, near Malange','Quinzango',8),(199,'','A Catholic church in Kiluanji','Kiluanji',8),(200,'','A chalet in Chrea resort near Blida, 50 km from Algiers','Chrea',6),(201,'','A checkpoint at Kalavaddam Junction on Kalmunai Main Road, in Kalmunai, 39 kilometers south of Batticaloa','Kalmunai',186),(202,'','A checkpoint north of Kirkuk, 1 KM away from Kiwan Base.','Kirkuk',95),(203,'','A coffee shop in Touahna, near Keddara','Touahna',6),(204,'','A construction company in San Sebastian','Donostia-San Sebastian',185),(205,'','A crossroads in Grozny','Grozny',167),(206,'','A crowded area of Reasi town in Udhampur district, 80 kilometers from Jammu','Reasi',92),(207,'','A crowded local market in Ambon, the capital of Maluku province','Ambon',93),(208,'','A crowded market in Batticaloa, 220 kilometers (135 miles) east of Colombo','Batticaloa',186),(209,'','A crowded market in Sopore, approximately 50 kilometres north of Srinagar','Sopore',92),(210,'','A crowded marketplace on Power House Road, in Jaffna','Jaffna',186),(211,'','A deserted road in Vembadimunai, Arayampady, Manmunai, in Kattankudy, in eastern province','Arayampady',186),(212,'','A Dushanbe suburban street','Dushanbe',202),(213,'','A fake checkpoint near Ain Kercha, 300 miles east of Algiers','Ain Kercha',6),(214,'','A farm 70 kilometers east of Algiers','Unknown',6),(215,'','A farm in Nyamandlovu, approximately 70 kilometers from Bulawayo','Nyamandlovu',231),(216,'','A festival in Gauripur town in western Assam\'s Dhubri district, 225 kilometers west of Gauhati','Gauripur',92),(217,'','A few blocks from the Javeriana University in Bogota','Bogota',45),(218,'','A field in Djebabra, near Ain Defla, 75-100 miles west of Algiers','Djebabra',6),(219,'','A forest','Sampit',93),(220,'','A fruit stand in the main bus station in Vavuniya town center, approximately 210 km (130 miles) north of Colombo.','Vavuniya',186),(221,'','A funeral procession in Hebron','Hebron',155),(222,'','A gas station at Givat Ze\'ev, on Road No 443 that leads to Jerusalem','Givat Ze\'ev',155),(223,'','A gas station in the northern town of Chiweshe, in Mazowe District, Zimbabwe','Chiweshe',231),(224,'','A gas station on Potchefstroom Road in Suweto','Soweto',183),(225,'','A Gaza hotel','Gaza',155),(226,'','A gems mine near Lawpita, in Loikaw Township','Lawpita',138),(227,'','A government-run health center near the northeastern port of Trincomalee.','Trincomalee',186),(228,'','A hamlet located 240 miles southwest of Algiers','Oued al Aatchaane',6),(229,'','A hamlet named Corral de Piedra','San Juan de Cesar',45),(230,'','A health center in Kaseta parish, Kabwoya sub-county, western Hoima district','Kasese',213),(231,'','A high school in Jamalsan, Udhampur district','Jamaslan',92),(232,'','A highway near Rondonopolis','Rondonopolis district',30),(233,'','A highway on the outskirts of Bogota','Bogota district',45),(234,'','A highway outside of San Pedro Sula, 100 miles north of Tegucigalpa','San Pedro Sula',88),(235,'','A hospital in the town of Batticaloa, in Sri Lanka','Batticaloa',186),(236,'','A hotel in Dehiwela, a suburb of Colombo','Dehiwala',186),(237,'','A house in Vakaneri village','Vakaneri',186),(238,'','A junction in Yuen Long in the New Territories','Yuen Long',89),(239,'','A Karachi-bound bus that had just left Hyderabad and was passing through suburb of Mehrab Colony','Hyderabad',153),(240,'','A Llorente plaza','Llorente',45),(241,'','A logging camp in the town of Mangina, 20 miles from Beni, a town in Uganda','Matango',47),(242,'','A market in the Staropromyslovsky district in Grozny','Grozny',167),(243,'','A marketplace in the Christian quarter of Ambon','Ambon',93),(244,'','A McDonalds restaurant on Mustafa Kemal Avenue, Aksaray district of Istanbul','Istanbul',209),(245,'','A military base in Iyakachchi, near Elephant Pass, approximately 175 miles north of Colombo','Iyakachchi',186),(246,'','A mosque in Akkaraipattu, in Ampara district, 350km (218 miles) east of Colombo.','Akaraipattu',186),(247,'','A mosque in Dhlamini in Suweto','Soweto',183),(248,'','A museum in Beyoglu district in Istanbul','Istanbul',209),(249,'','A neighborhood','Baghdad',95),(250,'','A northwestern Colombian road near the town of Heleconia','Heliconia district',45),(251,'','A one-street village, approximately 150 miles southwest of Bogota','Unknown',45),(252,'','A Palestinian checkpoint in Beit Jallah','Beit Jallah',155),(253,'','A park in Bagcilar Square, Bagcilar district, Istanbul','Istanbul',209),(254,'','A park in Bilbao','Bilbao',185),(255,'','A parking lot in the downtown entertainment area of Jakarta','Jakarta',93),(256,'','A passenger bus in Qazigund, Anantnag district, 71 km south of Srinagar','Qazigund',92),(257,'','A passenger plane that departed from a Malta airport bound for Istanbul, but diverted to Cologne, Germany','Luqa',124),(258,'','A passenger train traveling between Bhatinda and Sirsa stations','Bathinda',92),(259,'','A phone booth located at the junction of Tin King and Ming Kum roads','Tuen Mun',89),(260,'','A plane that was about to land at the airport at Lhokseumawe','Lhokseumawe',93),(261,'','A playground in Lalpora in Kupwara district','Lalpora',92),(262,'','A playground near a residence in the Palestinian-run city of Hebron, in the West Bank','Hebron',155),(263,'','A police outpost on a road in Noviye Atagi in the district of Shali','Noviye Atagi',167),(264,'','A police post near the Uppuveli Abhayapura roundabout in Trincomalee on the Colombo-Trincomalee highway','Trincomalee',186),(265,'','A police station in Kadikoy district','Kadikoy district',209),(266,'','A police vehicle near the 24th mile post in Santhiveli returning from Valaichchenai','Santhiveli',186),(267,'','A polling booth in Chenkaladi Maha Vidyalayam, in Batticaloa district, 2 km north of Eravur.','Chenkaladi',186),(268,'','A polling station in Batpora, Kupwara district','Batpora',92),(269,'','A popular pleasure garden in Srinagar','Srinagar',92),(270,'','A post office at the Chamartin train station in Madrid','Madrid',185),(271,'','A post office in Vinkovci, 240 kilometers southeast of Zagreb','Vinkovci',50),(272,'','A primary school in eastern Ruyigi province, approximately 105 kilometers from Bujumbura','Unknown',34),(273,'','A private home in the Charar-i-Sharif area','Charar-i-Sharif',92),(274,'','A private residence in a suburb of Tripoli','Tripoli',110),(275,'','A private residence in Keisamthong','Imphal',92),(276,'','A private residence in Manipur state','Imphal',92),(277,'','A private residence in Ramadi','Ramadi',95),(278,'','A private residence in Surrey, a municipality in the Greater Vancouver Regional District','Surrey',38),(279,'','A private residence in Wangjing Tengtha,Thoubal district','Tentha',92),(280,'','A rail line between Algiers and Blida, near Gue de Constantine,  approximately 10 miles to the south of Algiers','Algiers',6),(281,'','A railroad track 27 miles outside of Lahore','Gujranwala',153),(282,'','A railway bypass between Zemitani and Brasla stations in the area of Riga, Latvia','Riga',109),(283,'','A railway track over Dulani river between Bijni and Chaprakata stations','Bijni',92),(284,'','A rally in the town of Busia, in Busia district, in the western area of Kenya','Busia',104),(285,'','A ravine near Purace National Park','Purace',45),(286,'','A red-light district in Cikijing, Subang, 105 kilometers east of Jakarta','Subang',93),(287,'','A remote village near Bou Ismail','Bou Ismail',6),(288,'','A reserve for vicuna in the central Andes, 275 miles southeast of Lima','Unknown',159),(289,'','A residence in a development of houses in Bonifacio','Bonifacio',69),(290,'','A residence in Ain Agba outside of Berrouaghia, south of Algiers by 75 miles','Ain Agba',6),(291,'','A residence in Florencia','Florencia',45),(292,'','A residence in Gisagara, in the eastern area of Burundi','Gisagara',34),(293,'','A residence in Medea, south of Algiers by 55 miles, in Medea province','Medea',6),(294,'','A residence in Pailitas, near Valledupar and 311 miles from Bogota','Pailitas',45),(295,'','A residence in Permet Districts city of Permet','Permet',5),(296,'','A residence in Port-au-Prince','Port-au-Prince',87),(297,'','A residence in Ramallah, West Bank','Ramallah',155),(298,'','A residence in Tajikistan','Dushanbe',202),(299,'','A residence in Tbilisi','Tbilisi',74),(300,'','A residence in the area of Kedung Suroko in Surabaya','Surabaya',93),(301,'','A residence in the Urus-Martan district of Chechnya','Gekhi',167),(302,'','A residence in the village of Jamur, in Central Aceh\'s district of Siah','Jamur',93),(303,'','A residence in the village of Panik and the region of Shirak','Panik',12),(304,'','A residence in Yerevan','Yerevan',12),(305,'','A residential complex in Dispur, Guwahati','Guwahati',92),(306,'','A residential house near Gnjilane','Gnjilane',1003),(307,'','A residential house near Gnjilane','Gnjilane',1003),(308,'','A residential house near Gnjilane','Gnjilane',1003),(309,'','A restaurant in Pachuca, 60 miles northeast of Mexico City','Pachuca',130),(310,'','A restaurant in southern Corsica','Unknown',69),(311,'','A road in a rural area outside of Gudava, in the Gali region of Abkhazia','Gudava',74),(312,'','A road in Assam, close to the border of Runikhata, that went from Manas in India to Bhutan\'s Galemphu area','Kokrajhar district',92),(313,'','A road linking Bukavu and Kisangani','Bukavu',229),(314,'','A road outside Cacuso in the province of Malanje, 240 miles from Luanda','Cacuso',8),(315,'','A road outside Glogovac village, outside of Pristina in the Drenica Valley','Glogovac',1003),(316,'','A road running from Quibdo to Medellin, on the outskirts of Quibdo','Quibdo district',45),(317,'','A roadblock at Sidi Lakdar, two kilometers from Ain Defla and 160 kilometers west of Algiers','Sidi Lakdar',6),(318,'','A roadblock near El-Aouana, near Jijel, 360 kilometers east of Algiers','El-Aouana',6),(319,'','A roadblock near Khemis Miliana, 130 kilometers west of Algiers','Khemis Miliana',6),(320,'','A school in Srinagar','Srinagar',92),(321,'','A section of the Vladikavkaz-Moscow railway between Stodeyevskaya and Galyugayevskaya stations, in the Kurskiy District of Stavropol Territory','Galyugayevskaya',167),(322,'','A Serbian police checkpoint near Lucane village, in the Presevo Valley area bordering Kosovo','Lucane',235),(323,'','a sheep pasture in Mainis, approximately 30 kilometres south of Tenes','Tenes',6),(324,'','A shop in Bechloul, 94 miles east of Algiers','Bechloul',6),(325,'','A shop on San Salvador Street','Vitoria',185),(326,'','A Sinhalese-owned shop in Trincomalee, eastern Sri Lanka, about 230 km (140) miles north of Colombo','Trincomalee',186),(327,'','A Sitamarhi district center for polling','Sitamarhi',92),(328,'','A stadium in Kurunegala, approximately 60 miles northwest of Colombo','Kurunegala',186),(329,'','A stadium in Kurunegala, north of Colombo by 50 miles','Kurunegala',186),(330,'','A stall selling food near the Tourist Centre','Jinja',213),(331,'','A street in Srinagar city','Srinagar',92),(332,'','A suburban open-air market','Port-au-Prince',87),(333,'','A sweets shop in a market in Rajouri, 110 miles northwest of Jammu','Rajouri',92),(334,'','A taxi bus to Kampala\'s south, in Mitala Maria','Mitala Maria',213),(335,'','A temple near Jirania, West Tripura district','Jirania',92),(336,'','A trail in Mt. Ndiza, in the Gitarama province in the central area of southern Rwanda','Unknown',168),(337,'','A train traveling between Skopje and Kicevo','Tetovo district',118),(338,'','A truck that was driving in the central southern province of Huambo','Unknown',8),(339,'','A tsunami refugee camp in Kalmunai, about 220 kilometers (130 miles) east of Colombo','Kalmunai',186),(340,'','A United Nations police station in Zubin Potok','Zubin Potok',1003),(341,'','A vacant lot in Belen near Tocumen International Airport, in the vicinity of Panama City','Tocumen',156),(342,'','A vehicle convoy near Kandy','Kandy',186),(343,'','A vehicle near a military checkpoint in Jordan Valley, near Bardaleh village','Bardaleh',155),(344,'','A vehicle outside a sewing factory in Rafiah Yam, Gaza Strip','Rafiah Yam',155),(345,'','A vehicle outside Neblus and Oztarin, near Tapuah settlement, on a road connecting Kfar Tapuah and Migdalim','Nablus',155),(346,'','A vehicle outside Odri village on the Tetovo-Vratnica road','Odri district',118),(347,'','A vehicle outside Tekoa','Tekoa',155),(348,'','A villa in southern Corsica','Unknown',69),(349,'','A villa in southern Corsica','Unknown',69),(350,'','A villa in southern Corsica','Unknown',69),(351,'','A villa in southern Corsica','Unknown',69),(352,'','A village approximately 10 kilometers outside Uige','Uige',8),(353,'','A village near Sigli in the district of Pidie, Indrajaya subdistrict','Garot Kupula Jurong',93),(354,'','A village near Tetovo','Brezno',118),(355,'','A village near Tipaza and west of Algiers by about 45 miles','El Afroun',6),(356,'','A village near Tipaza, 70 km west of Algiers','Tipaza',6),(357,'','A village outside of Tipaza and west of Algiers by about 45 miles','Haouch Rabta Jelloul',6),(358,'','A water pumping station in Al-Amel neighborhood of Baghdad','Baghdad',95),(359,'','A Xinhua Airlines flight departing from Baotou and arriving in Beijing','Baotou',44),(360,'','Abais forest; 200 KM west of Algiers','Chlef',6),(361,'','Abu Ghraib prison just west of Baghdad','Abu Ghraib',95),(362,'','Adjacent to San Vicente del Caguan','Puerto Rico',45),(363,'','Afghan Interior Ministry in downtown Kabul','Kabul',4),(364,'','Aid center in Kalmunai, about 220 kilometers (130 miles) east of Colombo','Kalmunai',186),(365,'','Ain Berda village, to the east of Algiers by about 320 miles','Ain Berda',6),(366,'','Akarkar Mountain','Fadhala',6),(367,'','Al Hassanein mosque in Haret Hreik, Beirut','Mount Lebanon',110),(368,'','Al-Sha\'b Area','Balad',95),(369,'','Al-Sina\'i Neighborhood','Kirkuk',95),(370,'','Al-Urubah','Kirkuk',95),(371,'','Alkhan-Kala village, in the southern Urus-Martin region','Alkhan-Kala',167),(372,'','Along a highway that links northern Cesar with the Caribbean coast','Unknown',45),(373,'','Along a nine mile stretch of highway outside Buenaventura','Buenaventura',45),(374,'','Along the Caribbean Highway between Riohacha and Santa Marta','Riohacha district',45),(375,'','Along the Cauca River, 10 minutes away from Magangue, in the area of La Mojana Sucrena','Magangue district',45),(376,'','Along the Cauca River, at Playa Alta, five minutes from Guaranda','Guaranda',45),(377,'','Along the Grozny- Nadterechnaya road near village Pobedinskoye village','Pobedinskoye',167),(378,'','Along the main road between Bogota and Medellin','Unknown',45),(379,'','Along the Patna-Ranchi national highway in Hazaribagh District, near the Hazaribagh National Park','Hazaribagh district',92),(380,'','Along the Philadelphia Route at the Israel-Egypt border in Gaza','Unknown',155),(381,'','Along the rail line approximately 400 meters from the New Canada Line station in Suweto','Soweto',183),(382,'','Along the roadside in Sungai Pauh village in East Aceh','Sungai Pauh',93),(383,'','Alue Glong village in Sukamakmur subdistrict, Aceh Besar regency','Alue Glong',93),(384,'','Ammi Moussa region; 300 KM west of Algiers','Oueldja',6),(385,'','Ammi Moussa, in the Relizane region, 300 kilometers west of Algiers','Ammi Moussa',6),(386,'','Amrouche Municipality; 361 KM west of Algiers','Ras El Ain',6),(387,'','Amroussa community, approximately 50 kilometers south of Algiers','Amroussa',6),(388,'','Amteli-Golaghati constituency, Tripura, India','Unknown',92),(389,'','An agri-foodstuffs company in Borgo, a suburb of Bastia','Borgo',69),(390,'','An Air Seychelles flight that had left Bombay bound for Seychelles, with a stopover in Male, Maldives','Mumbai',92),(391,'','An apartment building approximately 20 meters away from Russia\'s Baltic Fleet headquarters on Grekov Street','Kalinigrad',167),(392,'','An apartment building in Gudermes','Gudermes',167),(393,'','An apartment building in the Ulpjana district of Pristina','Pristina',1003),(394,'','An apartment building near Berrouaghia, 80 kilometers south of Algiers','Berrouaghia',6),(395,'','An apartment building near the Grand Hotel in downtown Pristina','Pristina',1003),(396,'','An area of the Kodor Gorge under Abkhazian control','Kodor Gorge',74),(397,'','An army bus stop in Laghouat, approximately 400 km south of Algiers','Laghouat',6),(398,'','An army secured campsite for Amarnath pilgrims outside Sheshnag.','Sheshnag',92),(399,'','An election bus parked in southern Mersin province','Unknown',209),(400,'','An insurance company in San Sebastian','Donostia-San Sebastian',185),(401,'','An office in Mexico City','Mexico City',130),(402,'','An oil depot in Jammu','Jammu',92),(403,'','An oil pipeline junction at Tigris River  in Beiji','Baiji',95),(404,'','An outdoor market in Vladikavkaz','Vladikavkaz',167),(405,'','Anatoly Chubais was on his way to work, coming from a suburb in Moscow.','Zhavoronki',167),(406,'','Ancer Brothers Street; Bab el Oued district','Algiers',6),(407,'','Anjaneer Hindu Temple in Marandanamadam, Jaffna','Maruthanamadam',186),(408,'','Antrim (County)','Larne',603),(409,'','Antrim (County)','Newtownabbey',603),(410,'','Antrim (County)','Rathcoole',603),(411,'','Antrim. A residence in County Antrim\'s city, Larne','Larne',603),(412,'','Antrim. A residence in the Central Park area of Antrim','Antrim',603),(413,'','Antrim. St. Enda\'s sports club at the intersection of Hollybrook Road and Hightown Road in the northern area of Belfast','Glengormley',603),(414,'','Approximately 200 metres from the U.N. International Community Association ( a guest house) in Kabul','Kabul',4),(415,'','Approximately 30 kilometers northeast of Medellin','Barbosa',45),(416,'','Approximately 40 kilometers west of Medellin','Heliconia',45),(417,'','Approximately 400 kilometers northeast of Bogota','Paz de Ariporo',45),(418,'','Area of Thamallaht; municipality of Ahnif','Akrab',6),(419,'','Ari teahouse on Bata Road in Arbil','Arbil',95),(420,'','Armagh (County)','Portadown',603),(421,'','Armagh (County)','Portadown',603),(422,'','Army Observation Post in Mahindapura in Trincomalee','Trincomalee district',186),(423,'','Around Samaria, between the Homesh settlement and the junction of Shavey Shomron','Samaria district',155),(424,'','Around Sarrah, near Nablus','Sarrah',155),(425,'','Arwani village in Anantnag district of south Kashmir','Arwani',92),(426,'','Ashgabat','Ashgabat',210),(427,'','at a checkpoint in the Mihindapura area of the Trincomalee district, about 240 kilometers east of the capital Colombo','Trincomalee',186),(428,'','At a crossroads between Florencia city and the jungle','Florencia district',45),(429,'','At a house in Kotikawela, Mawatagama','Mawatagama district',186),(430,'','at a house near Frains Lake Road in Washtenaw County, MI','Ann Arbor',217),(431,'','At a junction south of Nablus.','Nablus',155),(432,'','at a school playground in Batticaloa','Batticaloa',186),(433,'','At an Israeli checkpoint near the northern West Bank town of Tulkarm','Tulkarem',155),(434,'','At an Israeli military checkpoint outside Tulkarem','Tulkarem',155),(435,'','At Andurie in a convoy traveling from Luanda to N\'Dalantando','Anduri',8),(436,'','At Baghlia, near Boumerdes, 50 kilometers east of Algiers','Baghlia',6),(437,'','at boats off the coast of Vadamarachchi east in the Jaffna peninsula','Vadamarachchi',186),(438,'','at bridge and highway construction site over Wintergreen Gorge in Erie, PA','Erie',217),(439,'','At Bubulla temple near eastern Batticaloa district.','Batticaloa district',186),(440,'','at Buddhist feast near a temple in Batticaloa, 300 kilometres (187 miles) east of Colombo','Batticaloa',186),(441,'','At bus stand in the northern Kasmir district of Barmulla','Baramulla district',92),(442,'','At bus stop in Kattankudy, a suburb 5 km south of Batticaloa in eastern province','Kattankudy',186),(443,'','At Checkpoint Junction in Haifa\'s northern area','Haifa',97),(444,'','At Cheddikulam picket point on Cheddikulam-Parayanalamkulam road, near Vavuniya town, 210 kilometers (130 miles) north of Colombo','Cheddikulam',186),(445,'','At election meeting in Hindu temple at Gintupitiya junction in Kotahena, a suburb of Colombo in western Sri Lanka.','Colombo',186),(446,'','at General Lumber Company at 3573 Fern Flat Road in Aptos, CA','Aptos',217),(447,'','At Guandalay on the road linking the villages of Ro Negro, Las Cruces, Media Naranja and Quebraditas in Corinto district, approximately 600 kilometers southwest of Bogota.','Corinto district',45),(448,'','at Gurunagar on the Jaffna peninsula, across from Pooneryn','Jaffna',186),(449,'','at houses in the Muttur village in Trincomalee District','Mutur',186),(450,'','at Jefferson Poplar Farm at 79114 Collins Road five miles north of Clatskanie, OR','Clatskanie',217),(451,'','At Kalmunai, in eastern Sri Lanka','Kalmunai',186),(452,'','At kilometer marker number 74 on the Managua-Boaco highway near the city of Boaco, 55 miles northeast of Managua','Boaco',145),(453,'','at luxury home under construction on Sarah Anne Court','Miller Place',217),(454,'','at luxury homes under construction at 145 Sterling Oak Drive, in the Sterling Oaks Development in Chico, CA','Chico',217),(455,'','at Maduru Oya tank in Polonnaruwa district','Maduru Oya',186),(456,'','at Majestic Meats at 115 W. 1700 South in Salt Lake City, UT','Salt Lake City',217),(457,'','at McDonald\'s fast food restaurant on 5th Avenue North, across from the Space needle','Seattle',217),(458,'','at Michigan 115 Highway near Mesick, MI','Mesick',217),(459,'','at Oneonta Beef Inc., a meat packing plant outside Syracuse, NY','DeWitt',217),(460,'','at Oneonta Beef Inc., a meat packing plant outside Syracuse, NY','DeWitt',217),(461,'','At Paharpur on the Umarpur-Natunbazar road','Paharpur',92),(462,'','at Petaluma Farms in Petaluma, California','Petaluma',217),(463,'','At Pindora intersection that links Islamabad with Rawalpindi','Islamabad',153),(464,'','at Rancho Veal slaughterhouse in on Petaluma Boulevard North in Petaluma, CA','Petaluma',217),(465,'','at residence in Escanaba, Michigan','Escanaba',217),(466,'','at residence near Warner and Dobson Roads in Chandler, AZ','Chandler',217),(467,'','at residence of Guerdon Stuckey, the  Animal Services General Manager','Los Angeles',217),(468,'','at residence on Main Street of Jaffna','Jaffna',186),(469,'','at Rose Acre Farms Inc. in North Vernon, Indiana','North Vernon',217),(470,'','at RusDun Farms Inc. in Piperton, Tennessee','Piperton',217),(471,'','at Santhiveli, north of Batticaloa','Santhiveli',186),(472,'','At some point along the Udaipur-Tainani road','Unknown',92),(473,'','at Tandy Leather building at 5138 South State Street in Murray, Utah','Murray',217),(474,'','At the Anuradhapura- Anbuvalipuram junction vegetable market about 2 km from east port town in Trincomalee.','Trincomalee',186),(475,'','at the Birchwood at Spring Lake condominium under construction in Middle Island, NY','Middle Island',217),(476,'','at the Bonneville Power Administration power line tower located about 37 miles southeast of Bend, OR','Bend',217),(477,'','at the Center for Comparative Medicine at the University of California, Davis','Davis',217),(478,'','at the Cortona construction site in West Lake Hills, TX','West Lake Hills',217),(479,'','at the Detroit Ranger Station in Williamette National Forest in Detroit, OR','Detroit',217),(480,'','at the DMV on Enterprise Drive in Auburn, CA','Auburn',217),(481,'','at the Durand-Eastman Park in Rochester, NY','Rochester',217),(482,'','At the Erez border crossing in the Gaza strip','Unknown',155),(483,'','at the Florida Veal Processors Inc., at 6712 State Road 674 in Wimauma, FL','Wimauma',217),(484,'','at the Fur Breeders Agricultural Cooperative at 8700 South 700 West in Sandy, UT','Sandy',217),(485,'','At the Gate of Friendship along the Pakistan-Afghanistan Border','Unknown',153),(486,'','at the Harris Furs store at 621 Bald Hill Rd., in Warwick, RI','Warwick',217),(487,'','At the home of Libya\'s ambassador in Bangui','Bangui',41),(488,'','at the Horticulture Center at the University of Washington in Seattle, WA','Seattle',217),(489,'','at the Litchfield Wild Horse and Burro Facility  off of US Highway 395 in Litchfield, CA','Litchfield',217),(490,'','At the Mucibaba checkpoint in the disputed buffer zone on Serbia\'s boundary with Kosovo','Mucibaba',1003),(491,'','At the police station in Isparta, Turkey','Isparta',209),(492,'','at the Romania Chevrolet Truck Center lot at 1425 Walnut Street in Eugene, OR','Eugene',217),(493,'','at the Southwest Foundation for Biomedical Research in San Antonio, TX','San Antonio',217),(494,'','at the Superior Lumber Company at 2695 Glendale Valley Road in Glendale, OR','Glendale',217),(495,'','at the Tulane Regional Primate Research Center at Tulane University in Louisiana','Covington',217),(496,'','at the U.S. Forest Industries office at 2611 Whittle Ave in Medford, OR','Medford',217),(497,'','at the U.S. Forest Service Northeast Research Station in Irvine, PA','Irvine',217),(498,'','at the U.S.D.A Animal Damage Control (ADC) facility at 720 Oleary Street Northwest in Olympia, Washington','Olympia',217),(499,'','at the U.S.D.A. Animal Plant Health Inspection Service (APHIS), which was housed in the Forest Land Management Center at 9701 Blomberg Street SW, Olympia, Washington','Olympia',217),(500,'','at the US Forest Service Oakridge Ranger Station in Williamette National Forest in Oakridge, Oregon','Oakridge',217),(501,'','at the Vail Mountain Ski Resort outside of Vail, CO','Vail',217),(502,'','At the victim\'s home in Kampong Cham province, 75 kilometers east of Phnom Penh','Unknown',36),(503,'','At the victim\'s home in Sodal village in Handwara, Kupwara district','Sodal',92),(504,'','at the West University Public Safety Substation at 791 East 13th Avenue in Eugene, OR','Eugene',217),(505,'','at Tyree Oil Company on Blair Road in Eugene, OR','Eugene',217),(506,'','At Vanua airport, Cakaudrove province, on Vanua Levu island','Savusavu',67),(507,'','Atlas mountains','Lakhdaria',6),(508,'','Attack occurred in a police post on the border between Christian and Muslim controlled villages.','Unknown',93),(509,'','Attack occurred in the narrow street leading to the entrance of the historic El-Ghriba Synagogue.','Er Riadh',208),(510,'','Attack occurred in the waters of the Gulf of Adem off the coast of Yemen.','Gulf of Aden',422),(511,'','Aures mountain range','Chemora',6),(512,'','Avturi, southeast of Grozny','Avtury',167),(513,'','Ayhtmulla village, near Bandipora town, 60 kilometres north Srinagar','Bandipora',92),(514,'','Ballymurphy (County)','Londonderry',603),(515,'','Balmakote village in Udhampur district, 200 kilometers north of Jammu','Udhampur district',92),(516,'','Bangkok domestic airport','Bangkok',205),(517,'','Barbosa Avenue','Rio Piedras',217),(518,'','Basauri, in Greater Bilbao, Vizcaya Province','Basauri',185),(519,'','Bathroom of building','Blida',6),(520,'','Bati district on the outskirts of Medea, 90 km south of Algiers','Medea',6),(521,'','Batticalao town','Batticaloa',186),(522,'','Batticaloa district; 250 kilometers (155 miles) east of the capital, Colombo','Thalavai',186),(523,'','Batticaloa town','Batticaloa',186),(524,'','Batticaloa, 220 kilometers (140 miles) east of Colombo','Batticaloa',186),(525,'','Bayrampasa prison, in Bayrampasa district, a suburb of Istanbul','Istanbul',209),(526,'','Bazine mountain in El-Milia','Mechat',6),(527,'','Beachfront in Santa Marta','Santa Marta',45),(528,'','Beachfront in Santa Marta','Santa Marta',45),(529,'','Behind the political office of the Liberation Tigers of Tamil Eelam (LTTE) in Thirunelveli, Jaffna','Jaffna',186),(530,'','Belbari','Belbari',92),(531,'','Belcourt neighborhood','Algiers',6),(532,'','Belfast (Capital City)','Belfast',603),(533,'','Belfast (Capital City)','Belfast',603),(534,'','Belfast (Capital City)','Belfast',603),(535,'','Belfast (Capital City)','Belfast',603),(536,'','Belfast (Capital City)','Belfast',603),(537,'','Belfast (Capital City)','Belfast',603),(538,'','Belfast (Capital City)','Belfast',603),(539,'','Belfast (Capital City)','Belfast',603),(540,'','Belfast (Capital City)','Belfast',603),(541,'','Belfast (Capital City)','Belfast',603),(542,'','Belfast (Capital City)','Belfast',603),(543,'','Belfast (Capital City)','Belfast',603),(544,'','Belfast (Capital City)','Belfast',603),(545,'','Belfast (Capital City)','Belfast',603),(546,'','Belfast (Capital City)','Belfast',603),(547,'','Belfast (Capital City)','Belfast',603),(548,'','Belfast (Capital City)','Belfast',603),(549,'','Belle Fassamah in Gbarbolu County','Belle Fassamah',112),(550,'','Berrouaghia village, approximately 40 miles south of Algiers','Berrouaghia',6),(551,'','Betalemba','Betalemba',93),(552,'','Beth Israel Synagogue in west Edmonton','Edmonton',38),(553,'','Beth Shalom Synagogue in north Edmonton','Edmonton',38),(554,'','Bethlehem bypass road, also known as Tunnel Road','Husan',155),(555,'','Between Aomar and Draa El Mizan; 40 KM east of Algiers','Tazrouts',6),(556,'','Between Casbet and El Hamma','Tabesbest',6),(557,'','Between El Penol and Guatape, 142 miles from Bogota','Guatape',45),(558,'','Between El Tarra and Tibu, in North Santander department, along the Colombia-Venezuela border, 450 km northeast of Bogota','El Tarra district',45),(559,'','Between Florencia and a rebel enclave','Doncello district',45),(560,'','Between Jerusalem and Eli on the Ramallah bypass','Ramallah',155),(561,'','Between Jijel and Constantine','Jijel',6),(562,'','Between Keddara and Beni Amrane','H\'doura',6),(563,'','Between La Estrella and Barro Blanco','San Clemente district',45),(564,'','Between Medellin and Manizales','Manizales district',45),(565,'','Between miltiary camps in or near Mosul','Mosul',95),(566,'','Between Naciria and Sidi Ali Bounab','Ouriacha',6),(567,'','Between Naciria and Sidi Ali Bounab','Ouriacha',6),(568,'','Between Oum Toub and Beni Ouelben','Boulakharachef',6),(569,'','Between Pereira and San Jose del Palmar, in the state of Risaralda','Pereira district',45),(570,'','Between the city prosecutor\'s office and the local FSB security service office','Grozny',167),(571,'','Between the districts of  Theniet el Abed and Tazoult','Ouled Azzouz',6),(572,'','Between the forests of Fil-fila and Azzaba','Oued Soudane',6),(573,'','between the southern cities of Shenzhen and Xiamen','Xiamen',44),(574,'','Bhojpur village in Nalanda district, 100 kilometers south of Patna','Bhojpur',92),(575,'','Bhumka Maligaon relief camp in Kokrajhar district, 250 kilometers west of Gauhati','Bhumka Maligaon',92),(576,'','Biagi was shot outside his home in Bologna, Italy.','Bologna',98),(577,'','Bijbehara Bazar in Bijbehara township, 47 km southeast of Srinagar','Bijbehara',92),(578,'','Biniganyi displaced persons\' camp in Kazirabageni Zone, Nyanza-Lac Commune','Unknown',34),(579,'','Birchandranagar-Kalsi','Unknown',92),(580,'','Bishnupur village in North Tripura district, on the border of Bangladesh','Bishnupur',92),(581,'','Bishnupur-Sankuchi village in Nalbari district, 140 kilometres from Guwahati','Bishnupur',92),(582,'','Block Development Office in Manu, Dhalai District','Manu',92),(583,'','Block-1 of the Balochistan Secretariat, Quetta','Quetta',153),(584,'','Bokaat Laakakcha, a rural hamlet 120 miles west of Algiers','Bokaat Laakakcha',6),(585,'','Bokat Eduaudia village in Chlef province, to the west of the capital Algiers by 106 miles','Bokat Eduaudia',6),(586,'','Bomb placed in front of tax collector\'s office','Jacksonville',217),(587,'','Bordj Menaiel region','Ouled Ameur',6),(588,'','Boroholdi village, 200 kilometres north of Agartala','Agartala district',92),(589,'','Bougara Municipality; 50 KM southwest of Algiers','Merbouni',6),(590,'','Boumedfaa town, in the province of Ain Defla, west of Algiers by 130 kilometers','Boumedfaa',6),(591,'','Boumediene district; Ouarsenis plateau','Tiaret',6),(592,'','Brahmchack village in Jehanabad district','Brahmchak',92),(593,'','Bujumbura, the Burundi capital','Bujumbura',34),(594,'','Caf next to a police building','Hamchir',6),(595,'','Casbah','Algiers',6),(596,'','Central Liaquatabad area','Karachi',153),(597,'','Central Square in Guilin','Guilin',44),(598,'','Chamrajnagar district','Chamrajnagar district',92),(599,'','Chandrapura railway station under the Dhanbad railway division of the Eastern Railway','Chandrapura',92),(600,'','Chandrathakurpara village near Mohanpur','Mohanpur',92),(601,'','Chavakachcheri army camp and police station in Chavakachcheri on Jaffna peninsula','Chavakachcheri',186),(602,'','Chen and Lu were riding in an open car motorcade through the streets of Tainan.','Tainan',201),(603,'','Chenkaladi, near Batticaloa, 220 km east of Colombo.','Chenkaladi',186),(604,'','Chenkalady, 17 kilometers north of Batticaloa','Chenkaladi',186),(605,'','Cherata village, approximately 120 kilometers south of Algiers','Cherata',6),(606,'','China Bay air force base in eastern Trincomalee, approximately 240 km (150 miles) from Colombo','Tirukkalkudah',186),(607,'','Church of the Archangel Michael in Grozny','Grozny',167),(608,'','City Chowk area of Rajouri town, 380 kilometers from Srinagar','Rajouri',92),(609,'','City of Belfast. A residence on Delhi Street near Ormeau Road','Belfast',603),(610,'','Civil guard barracks in Irun','Irun',185),(611,'','Clifton area','Karachi',153),(612,'','Close to a famous shrine by Dal Lake in Srinagar','Srinagar',92),(613,'','Close to Zif Junction south of Hebron','Hebron',155),(614,'','Colombo city','Colombo',186),(615,'','Convoy traveling outside of Dhallai district\'s Manu town, on the major roadway between Agartala and Assam, north of the Agartala capital by 93 miles','Manu',92),(616,'','Corporation Street outside the Arndale shopping center','Manchester',603),(617,'','County Antrim','Antrim',603),(618,'','County Antrim. A house in Farringdon court, Arodyne','Belfast',603),(619,'','County Antrim. A house in Farringdon court, Arodyne','Belfast',603),(620,'','County Antrim. A house on Alliance Avenue in North Belfast','Belfast',603),(621,'','County Antrim. A private home in Artouges Park','Broughshane',603),(622,'','County Antrim. A private home in The Commons','Broughshane',603),(623,'','County Antrim. A private home in the the Springfield Road area of Belfast','Belfast',603),(624,'','County Antrim. A private residence in New Lodge district in North Belfast','Belfast',603),(625,'','County Antrim. A Protestant suburb of Belfast','Belfast',603),(626,'','County Antrim. A taxi depot on Crumlin Road in north Belfast','Belfast',603),(627,'','County Antrim. Along Crumlin Road in north Belfast','Belfast',603),(628,'','County Antrim. An alley adjacent to Almond Drive, in the Twinbrook area of Belfast','Belfast',603),(629,'','County Antrim. Ballymurphy area of West Belfast','Belfast',603),(630,'','County Antrim. Blacks Road railway bridge on the Belfast-Dublin railway line in Dunmurry, outside of Belfast','Dunmurry',603),(631,'','County Antrim. North Belfast','Belfast',603),(632,'','County Antrim. On Antrim road, in North Belfast','Belfast',603),(633,'','County Antrim. Outside of the victim\'s house on Forthriver Road in North Belfast','Belfast',603),(634,'','County Antrim. Radnor Street in east Belfast','Belfast',603),(635,'','County Antrim. Royal Mail sorting office in Rathcoole on the outskirts of north Belfast','Rathcoole',603),(636,'','County Antrim. St Patrick\'s High School on Broughshane Road, Ballymena, Co Antrim','Ballymena',603),(637,'','County Antrim. The Catholic chapel of Our Lady in Harryville district, Ballymena','Ballymena',603),(638,'','County Antrim. The Oldpark area of north Belfast','Belfast',603),(639,'','County Antrim. The Rathcoole Estate in Newtownabbey','Newtownabbey',603),(640,'','County Armagh','Armagh',603),(641,'','County Armagh. A residential home in Donald Park, Lurgan','Lurgan',603),(642,'','County Londonderry. A private home in Edenmore Park','Limavady',603),(643,'','County Londonderry. The front garden of a private home in Eventide Gardens','Limavady',603),(644,'','County Tyrone. A house in Gortnasoar in Dungannon','Dungannon',603),(645,'','County Tyrone. Oakland Park in Strabane, west of Belfast','Strabane',603),(646,'','Crossroads of El Aouna and Selam; about 35 KM southeast of Jijel','El Mikail',6),(647,'','Cumbria. British Heart Foundation charity shop in Penrith','Penrith',603),(648,'','D. Rama Naidu studi','Hyderabad',92),(649,'','Daira of Berrouaghia','Ain Agba',6),(650,'','Daira of Collo','Kerkera',6),(651,'','Daira of Draa El Mizan','Ait Yahia Moussa',6),(652,'','Daira of El Ancer; 30 KM east of Jijel','N\'Chima',6),(653,'','Daira of El-Ogla','Stah Guentis',6),(654,'','Daira of Ras El Ma','Sidi Chaib',6),(655,'','Daira of Tamalous','Kerkera',6),(656,'','Dajran (District) in Daikondi Province','Unknown',4),(657,'','Dangerpora village, Baramulla','Dangarpora',92),(658,'','Daoudi Moussa district','Saida',6),(659,'','Darien Gap between Colombia and Panama','Unknown',45),(660,'','Deso Hall area','Karachi',153),(661,'','Device ignited at rear of building','Broken Arrow',217),(662,'','Dewua','Dewua',93),(663,'','Dhalai district, approximately 80 km north of Agartala','Dhalai district',92),(664,'','Dhalai district, approximately 80 km north of Agartala','Dhalai district',92),(665,'','Dhamnia village in Chlef province, approximately 200 km west of Algiers','Dhamnia',6),(666,'','Dilaram, 135 miles northwest of Kandahar','Delaram',4),(667,'','Dimapur, 74 kilometers from Kohima','Dimapur',92),(668,'','Diphu, in Karbi Anglong district, approximately 230 kilometres from Guwahati','Diphu',92),(669,'','District of Ouled Mimoun','Oued Lakhdar',6),(670,'','Djebel Boukhil piedmont; 180 KM southwest of M\'Sila','Ain Rich',6),(671,'','Dockyard Road, Trincomalee town, 230 kilometers (140 miles) northeast of Colombo','Trincomalee',186),(672,'','Dodasanpai village in Rajouri district, 150 kilometres west of Jammu','Dodasan Pain',92),(673,'','Dolores, 150 kilometers southwest of Bogota','Dolores',45),(674,'','Doun Leb village','Doun Leb village',36),(675,'','Downtown','Berrouaghia',6),(676,'','Downtown','Tbessa',6),(677,'','Downtown Belgrade','Belgrade',235),(678,'','Downtown Haiti','Port-au-Prince',87),(679,'','Downtown Port-au-Prince','Port-au-Prince',87),(680,'','Downtown Port-au-Prince','Port-au-Prince',87),(681,'','Dr Sardjito public hospital in Yogyakarta, central Java','Yogyakarta',93),(682,'','Draa El Mizan','Ain Zaouia',6),(683,'','Dudansaballa village in Rajouri district','Rajouri district',92),(684,'','Dunkane mountains','Tbessa',6),(685,'','Duomo cathedral','Milan',98),(686,'','Dutchtown Road','Savannah',217),(687,'','Dutchtown Road','Savannah',217),(688,'','East Colombo area of Polhengoda','Colombo',186),(689,'','East Midlands. Bendigo Lane in Sneinton area','Nottingham',603),(690,'','East of Ain Ben Beda','Zitouna',6),(691,'','East of Boumerds','Si Mustapha',6),(692,'','East Sprague Avenue','Spokane Valley',217),(693,'','East Sprague Avenue','Spokane',217),(694,'','East Sprague Avenue','Spokane Valley',217),(695,'','Edgware Road Subway Station','London',603),(696,'','Edough forest in Annaba area, approximately 600 kilometers east of Algiers','Oued el Aneb village',6),(697,'','Edough Forest; 30 KM from Annaba','Oued el Aneb',6),(698,'','Eelam People\'s Democratic Party (EPDP) office in Kurumankadu, Vavuniya, 210 km (130 miles) north of Colombo','Vavuniya',186),(699,'','Eelam People\'s Democratic Party Chenkaladi office near Batticaloa','Chenkaladi',186),(700,'','El Azouania, approximately 10 kilometers from Tagdemt, near Mechraa-Sfa','El Azouania',6),(701,'','El Choco village','El Choco',45),(702,'','El Harrach district','Algiers',6),(703,'','El Harrach district','Algiers',6),(704,'','El Harrach district','Algiers',6),(705,'','El Harrach district','Algiers',6),(706,'','El Poblado neighborhood','Medellin',45),(707,'','El Salado village','El Salado',45),(708,'','El-Mnakach area','Erraguene',6),(709,'','Embilipitiya town is in Ratnapura district; the attack was on the Courthouse located there.','Embilipitiya',186),(710,'','En route to the El Cerrejon mine','Unknown',45),(711,'','Eravur-Arumugathan area','Eravur',186),(712,'','Essedra, near Mechraa-Sfa','Essedra',6),(713,'','Event occurred in the municipality of Abejorral, Antioquia.','Abejorral district',45),(714,'','Fatemabad estate near Barpeta Road in the north of Barpeta district','Barpeta district',92),(715,'','Favor Hotel on Monivong Boulevard','Phnom Penh',36),(716,'','Ferndale Park neighborhood in Wexford','Wexford',96),(717,'','Fire ignited at back door of the facility','Fayetteville',217),(718,'','Fire ignited at front and back doors','Albuquerque',217),(719,'','Fire ignited at front door','Albuquerque',217),(720,'','Fire ignited at roof of building','Fayetteville',217),(721,'','Fire ignited at the rear door of the facility','Milwaukee',217),(722,'','Fire ignited in cement vestibule and bullet fired through front door','Bloomington',217),(723,'','Fire ignited in foyer and front door damaged','Bloomington',217),(724,'','Fire ignited near window','Waukesha',217),(725,'','Firebomb thrown at window of building','Clearwater',217),(726,'','Firebomb thrown through front door','Oakland Park',217),(727,'','Fires ignited at two locations in the facility.  One fire set in a cardboard box and the other fire set in a waste basket.','Indianapolis',217),(728,'','Fiumicino post office near the main airport in Rome','Fiumicino',98),(729,'','Flammable substance poured through front door mail slot','Tamarac',217),(730,'','Flors Court in the Twelve Bridges Development','Lincoln',217),(731,'','Franklin Roosevelt Avenue','Algiers',6),(732,'','French Hill neighborhood','Jerusalem',97),(733,'','French Hill, in the Pisgat Ze\'ev neighborhood of the city.','Jerusalem',155),(734,'','Frenda was 190 mile southwest of Algiers','Frenda',6),(735,'','Fulkumari village in Assam, Kokrajhar district, under Satkakar police station','Fulkumari',92),(736,'','Fushe-Kruje town, approximately 20 kilometers north of Tirana city','Fushe-Kruje',5),(737,'','Gagan Babu Road leading to Nandanpur in Khulna','Khulna',19),(738,'','Gajanur, a forest region in Tamil Nadu state','Gajanur',92),(739,'','Gangodawila Magistrate\'s court in Nugegoda, a suburb of Colombo','Colombo',186),(740,'','Germenchug-Mesker-Yurt road, in Chechnya','Unknown',167),(741,'','Gihiza in Gitega province, 87 kilometers east of Bujumbura','Gihiza',34),(742,'','Gloucestershire. A farm at Syreford, near Cheltenham, Gloucestershire','Syreford',603),(743,'','Gnjilane, 18 miles southeast of Pristina','Gnjilane',1003),(744,'','Going to Valledupar, about 30 miles south of the company mine in Loma.','Chiriguana district',45),(745,'','Golokpur tea estate in Kailasahar Subdivision of North Tripura','Kailasahar',92),(746,'','Greater London (Region)','London',603),(747,'','Greater London (Region)','London',603),(748,'','Greater London (Region)','London',603),(749,'','Greater London (Region)','London',603),(750,'','Greater London (Region). Brick Lane','London',603),(751,'','Guatemala City','Guatemala City',83),(752,'','Guatemalan embassy in Belize','Belize City',22),(753,'','Guayaquil city, Ecuador','Guayaquil',59),(754,'','Gulf of Aden','Aden',228),(755,'','Gumla district','Kharpani',92),(756,'','Haifa Street in Baghdad','Baghdad',95),(757,'','Haiti\'s commercial center','Port-au-Prince',87),(758,'','Hankou Shangdao coffee shop in Wuhan City','Wuhan',44),(759,'','Happy Valley','Redding',217),(760,'','Heights of El Aouana; near Selma','Kebaba',6),(761,'','Highway between Tunceli and Pulumur','Tunceli',209),(762,'','Hocine Aselah Street; 100 meters from police headquarters','Algiers',6),(763,'','Hong Kong Hotel on Monivong Boulevard','Phnom Penh',36),(764,'','Hotel Prikumye in Budennovsk','Budyonnovsk',167),(765,'','Humboldt National Forest','Lamoille',217),(766,'','Idna, an Arab village west of Hebron','Idna',155),(767,'','In a car in Travnik','Travnik',28),(768,'','In a car on Route 60 between Shilo and Ofra, near Sinjil village','Sinjil',155),(769,'','in a commercial building under construction at 440 Auburn Folsom Road, part of the Parkhill Professional Center in Auburn, CA','Auburn',217),(770,'','In a jeep in or near Atharobolla, Tripura','Atharobola',92),(771,'','In a jungle area in southern Putumayo province','Unknown',45),(772,'','In a parking lot behind the main admin building at the university.','Pamplona',185),(773,'','In a rural area of Antioquia, northwestern Colombia','Yolombo',45),(774,'','In a village outside of Popayan, approximately 450 kilometers southwest of Bogota','Cajibio district',45),(775,'','In between the daira of Ammi Moussa and the municipality of Oueldja','Sabonette',6),(776,'','In Bogota\'s north area','Bogota',45),(777,'','In Boudouaou El-Bahri, near Reghaia, 30 kilometers east of Algiers','Boudouaou El-Bahri',6),(778,'','In central Naseerabad neighborhood','Karachi',153),(779,'','In downtown Cucuta, 400 kilometers northeast of Bogota','Cucuta',45),(780,'','In east Karachi','Karachi',153),(781,'','In fashionable residential quarter off the Sarana Road area of Cinnamon Gardens in the diplomatic quarter of Colombo.','Colombo',186),(782,'','In Floresta, a neighborhood west of Buenos Aires','Buenos Aires',11),(783,'','In front of a discoteque in the Chinatown area of Jakarta','Jakarta',93),(784,'','In front of a military installation in Ajaccio','Ajaccio',69),(785,'','In front of the First Ukrainian International Bank','Luhansk',214),(786,'','In front of the tribal affairs ministry in downtown Kabul','Kabul',4),(787,'','In Gospic, 200 km south of Zagreb','Gospic',50),(788,'','In Gulshan Market neighborhood','Multan',153),(789,'','In Hernani, in the province of Gipuzkoa','Hernani',185),(790,'','In Itamar, in the southern area of Nablus','Itamar',155),(791,'','in Jaffna, 185 miles north of Colombo; victim was on motorcycle','Jaffna',186),(792,'','In Jampuijala, between Takarjala and Agartala, the capital of Tripura','Jampuijala',92),(793,'','In Jerusalem\'s French Hill neighborhood','Jerusalem',97),(794,'','In Jerusalem\'s French Hill neighborhood','Jerusalem',97),(795,'','In Jerusalem\'s Gilo Jewish neighborhood','Jerusalem',155),(796,'','in Kaluwanchikudy, about 24 km south of Batticaloa','Kalawanchikudi',186),(797,'','In Kirat Hayovel district.','Jerusalem',97),(798,'','In Kishtwar, Doda district','Kishtwar',92),(799,'','in Kokkaddicholai in Batticaloa district','Kokkadichcholai',186),(800,'','In Labasa, Macuata province, on Vanua Levu island','Labasa',67),(801,'','In Mizrana forest near the town of Tizi Ouzou, 66 miles east of Algiers','Tizi Ouzou',6),(802,'','In Navarra province in Basque country','Unknown',185),(803,'','In Podgorica, the capital of Montenegro, near the city\'s main marketplace','Podgorica',235),(804,'','In Pottuvil, Ampara district, near the Bank of Ceylon Building and in view of the Panama kovil feast\'s security','Pottuvil',186),(805,'','In Rehov Hagiborim, Halissa district of Haifa','Haifa',97),(806,'','In Samzai in the district.','Pishin district',153),(807,'','In Sheikhpora in Baramulla district, 40 kilometres west of Srinagar','Sheikhpora',92),(808,'','in Success, NH','Berlin',217),(809,'','In Sugnu area, Thoubal district, 60 kms from Imphal','Sugnu',92),(810,'','In Suknachara, on the Kanchanpur-Dashda road in North district, 165 km north of Agartala','North Tripura district',92),(811,'','In Tel Aviv\'s Kings Square.','Tel Aviv',97),(812,'','In the air between Istanbul and Moscow, an airplane was redirected to Saudi Arabia.','Istanbul',209),(813,'','In the Batticaloa district, 299 kms from the Colombo','Valaichchenai',186),(814,'','In the Berrouaghia region','Berrouaghia',6),(815,'','In the Berrouaghia region','Berrouaghia',6),(816,'','In the car outside of his suburban home in the Parita-Merivalja district','Tallinn',64),(817,'','In the central district of Jain Mandar','Lahore',153),(818,'','In the daira of Ras El Ma','Oued Sbaa',6),(819,'','In the Damgamba commune, Nharea municipality, 500 km southwest of Luanda','Nharea',8),(820,'','In the downtown commercial district','Puerto Asis',45),(821,'','In the Fredville area of Inchanga, a rural area near Durban','Inchanga',183),(822,'','In the hamlet of Ruwero, near Gisenyi, Western province','Ruwero',168),(823,'','In the heart of Imphal, Manipur state','Imphal',92),(824,'','In the home of the military prosecutor in Yerevan','Yerevan',12),(825,'','In the Intxaurrondo neighborhood, in the Basque Country city of San Sebastian','Donostia-San Sebastian',185),(826,'','In the Laureles area of Medellin','Medellin',45),(827,'','In the Mansur district in Baghdad','Baghdad',95),(828,'','In the municipality of Ahnif','Ighzer Oumeziev',6),(829,'','In the municipality of Ahnif; 40 KM east of Bouira','Cheikhleft',6),(830,'','In the municipality of Bordj','Biyada',6),(831,'','In the municipality of Corso','Trig El Qares',6),(832,'','In the municipality of El Milia; community of Boubazil','Beni Ferguene',6),(833,'','In the Pacific Ocean near Juancacho','Juancacho',45),(834,'','in the Polonnaruwa district','Polonnaruwa district',186),(835,'','In the restaurant and nightclub district of Villavicencio, 113 kilometers southeast of Bogota','Villavicencio',45),(836,'','In the sea near Batticaloa town','Batticaloa',186),(837,'','In the Shahi Bazaar in the city.','Dadu',153),(838,'','In the Sierra Nevada de Santa Marta mountains','Valledupar district',45),(839,'','In the Soledad area','Barranquilla',45),(840,'','In the southern portion of Jerusalem','Talpiot',97),(841,'','In the Tissmesilt province, about 350 kilometers west of Algiers','Unknown',6),(842,'','In the town of Seyhan, a district within the city of Adana','Adana',209),(843,'','In the vicinity of Phepima about 35 km from Kohima, Nagaland','Kohima district',92),(844,'','In the vicinity of the International Conference Center near the Arc de Triomphe in central Paris','Paris',69),(845,'','In the victim\'s apartment building, in Smolensk, 300 kilometers west of Moscow','Smolensk',167),(846,'','In the victims\' home in El Khemis, Dardara district','El Khemis',6),(847,'','In the village of Sidi Rached, in the Tipaza region, approximately 70 kilometers west of Algiers','Sidi Rached',6),(848,'','in the Welioya area, nearly 220 kilometers (135 miles) northeast of Colombo','Welioya',186),(849,'','In the Yondo region, 380 kilometers north of Bogota','San Miguel del Tigre',45),(850,'','In Trincomalee, about 140 miles northeast of Colombo','Trincomalee',186),(851,'','In Valaichchenai, near the eastern city of Batticaloa','Valaichchenai',186),(852,'','In western Caldas','San Lorenzo',45),(853,'','Indeh village in Udhampur district, 180 kilometers north of Jammu','Ind',92),(854,'','Inside the Gahuzi-Biega National Park in southeastern Congo','Unknown',229),(855,'','Inside the victim\'s apartment in the western Kosovo town of Pec','Peje',1003),(856,'','Intersection of Pitt Street and Penn Avenue','Wilkinsburg',217),(857,'','Interstate 80','Vacaville',217),(858,'','Irdjana region; 40 KM east of Jijel','Djemaa Beni Habibi',6),(859,'','Iruthayapuram Public Market, 2km north of Batticaloa','Batticaloa',186),(860,'','Islamabadh Muslim Vidyalaya polling station in Kalmunai area','Kalmunai',186),(861,'','Istiklal Street, near Taksim square','Istanbul',209),(862,'','Ituri region of the northeastern Democratic Republic of the Congo','Ituri district',229),(863,'','J\'s, a discotheque in the St.Pauli red-light district in Hamburg','Hamburg',75),(864,'','Jampui, North Tripura','Jampui',92),(865,'','Jingbian Hotel in Jingbian county, Yulin city','Yulin',44),(866,'','Kabylie region; 110 KM east of Algiers','Tizi Ouzou',6),(867,'','Kairatu, a predominantly Christian village on Seram island in the Maluku islands','Kairatu',93),(868,'','Kairatu, Seram, in the Moluccas islands','Kairatu',93),(869,'','Kakata, approximately 50 km northeast of Monrovia','Kakata',112),(870,'','Kalmunai town, 368 kms from Colombo in the Ampara district','Kalmunai',186),(871,'','Kamandugu village near the border with Guinea','Kamandugu',177),(872,'','Kandi, in the district of Kupwara, in Jammu and Kashmir','Kandi',92),(873,'','Kanyakerni, north of Batticaloa','Kanyakerni',186),(874,'','Karbi Anglong district, 310 kilometers east of Gauhati','Diphu',92),(875,'','Karlumen village in the Gorong area','Karlumen',93),(876,'','Kastel Caf in Obilic, Pristina','Obilic',1003),(877,'','Kathankudy near Batticaloa; he was having lunch in a room at a school where he was doing interviews when he was shot.','Kattankudy',186),(878,'','Kazanskiy railway station','Kazanskiy',167),(879,'','Kharout village in the Panchari hills, Udhampur district','Kharouta',92),(880,'','Khoiphuta village, 360 kilometers east of Gauhati','Khoiphuta',92),(881,'','Kibira Forest near Ruyigi','Ruyigi',34),(882,'','Killed in a partially built house in Thinayakulam','Vavuniya district',186),(883,'','King George Street and Jaffa Road in downtown Jerusalem.','Jerusalem',97),(884,'','Kings Cross Subway Station','London',603),(885,'','Koddara village, 193 kilometers northwest of Jammu in Rajouri district','Kot Dhara',92),(886,'','Koman village near the border with Guinea','Koman',177),(887,'','Komrabai village near the government town of Mile 91, approximately 100 kilometers east of Freetown','Komrabai',177),(888,'','Kopay, Jaffna','Kopay',186),(889,'','Korago on Morotai Island','Korago',93),(890,'','Kro Haung village','Kro Haung village',36),(891,'','Kuala Lumpur','Kuala Lumpur',121),(892,'','Kuleku village, in Adjumani district, 520 km northwest of Kampala','Kulekule',213),(893,'','Kulipora village in the Kashmir district of Badgam','Kulipora',92),(894,'','Kunzer, approximately 35 kilometers north of Srinagar','Kunzer',92),(895,'','Kurulubedda village in the Welikanda region of North Central province','Welikanda district',186),(896,'','Labour and Social Security Ministry building in Istanbul','Istanbul',209),(897,'','Lambeth (London Borough). Electric Avenue in Brixton','London',603),(898,'','Lamontville, south of Durban','Lamontville',183),(899,'','Lapono village, Agago county, Pader district, 390 kilometers north of Kampala','Lapono',213),(900,'','Latina village in Badgam district','Bagdam district',92),(901,'','Laurel Terrace, Armley neighborhood','Leeds',603),(902,'','Laxmipur village in North Tripura district','Laxmipur',92),(903,'','Le Piscine bar in L\'Ile-Rousse, upper Corsica','L\'Ile Rousse',69),(904,'','Leeds Road, Laisterdyke neighborhood','Bradford',603),(905,'','Leninksy District','Grozny',167),(906,'','Les Issers-Ait Messaoud road','Ouled Bentafath',6),(907,'','Liberation Tigers of Tamil Eelam (LTTE) political office in Mannar town\'s high security zone','Mannar',186),(908,'','Limoncito de Ayala in Cosala, approximately 75 miles south of Culiacan','Limoncito de Ayala',130),(909,'','London (Capitol)','London',603),(910,'','London (Capitol)','London',603),(911,'','Londonderry (County)','Londonderry',603),(912,'','Londonderry (County)','Draperstown',603),(913,'','Londonderry (County)','Londonderry',603),(914,'','Londonderry (County)','Londonderry',603),(915,'','Londonderry (County)','Londonderry',603),(916,'','Londonderry (County)','Londonderry',603),(917,'','Londonderry (County)','Londonderry',603),(918,'','Londonderry (County)','Londonderry',603),(919,'','Los Cerezos hamlet, 10 miles south of Bogota','Chipaque',45),(920,'','Losuo on Morotai Island','Losuo',93),(921,'','Lovely Decorators shop in the bazaar in Satkania','Satkania',19),(922,'','LTTE mainstream group\'s political office (LTTE Political Wing Office), located at Virapuliyankulam in the northern district of Vavuniya','Virapuliyankulam',186),(923,'','LTTE political office in the Kaluwanchikudy police area in Batticaloa district.','Kalawanchikudi',186),(924,'','LTTE regional political wing office','Valaichchenai',186),(925,'','Lycee Technique of Medea, 90 km south of Algiers','Medea',6),(926,'','Maamoura district','Laghouat',6),(927,'','Maamoura district','Laghouat',6),(928,'','Maamoura district','Laghouat',6),(929,'','Mahamaya reserve forest in lower Assam\'s Dhubri district','Bogribari',92),(930,'','Mahindapura Army camp in Mahindapura, in eastern Sri Lanka','Trincomalee district',186),(931,'','Mahjoor Nagar, a residential neighborhood in Srinagar','Srinagar',92),(932,'','Mailbox','Canton',217),(933,'','Main entrance of building','Algiers',6),(934,'','Makeni town, 140 kilometers northeast of Freetown','Makeni',177),(935,'','Makhachkala','Makhachkala',167),(936,'','Makhachkala police secondary school in the Leninkent area of Makhachkala','Makhachkala',167),(937,'','Makhachkala, capital of Dagestan','Makhachkala',167),(938,'','Mali Alas village , approximately 15 km south of Pristina','Mali Alas',1003),(939,'','Mamilla village near the government town of Mile 91, approximately 100 kilometers east of Freetown','Mamilla',177),(940,'','Mandela Park squatters camp, approximately 20 kilometers southeast of Johannesburg','Soweto',183),(941,'','Mandur Lake, about 20 kilometers south of Batticaloa','Mandur',186),(942,'','Manhattan','New York City',217),(943,'','Manhattan','New York City',217),(944,'','Manjula Stores shop in the Pihitiwewa village in Dehiattakandiya, in eastern province','Dehiattakandiya district',186),(945,'','Mansour (District)','Baghdad',95),(946,'','Mariyamman Kovil Road, at Kattankudy, in the district of Batticaloa, 300 kilometres (187 miles) east of Colombo','Kattankudy',186),(947,'','Markas Mosque in the town of Guntur, 350 km southeast of Hyderabad','Guntur',92),(948,'','Mayoa village in Pendolo district, 200 kilometers south of Poso','Mayoa',93),(949,'','Mazouzi Boulevard','Blida',6),(950,'','Medan','Medan',93),(951,'','Merbouni village, in Bougara municipality, 30 kilometres southeast of Algiers','Merbouni',6),(952,'','Merdjechekir quarter','Mda',6),(953,'','Migros shopping center in Aksaray district, Istanbul','Istanbul',209),(954,'','Military checkpoint at Dev Naga, the third mile post along Trincomalee-Pulmoddai road about four kms out of Trincomalee town','Trincomalee',186),(955,'','Mintri Road in Kalimpong, Darjeeling district','Kalimpong',92),(956,'','Miroc village in Vucitrn municipality','Miroc',1003),(957,'','Mirogoj cemetery, approximately two kilometers from the main square in Zagreb','Zagreb',50),(958,'','Modelo National Prison','Bogota',45),(959,'','Montesol plantation near the town of Turbo, in the Uraba region of northwest Colombia, 600 kilometers northwest of Bogota','Turbo',45),(960,'','Moulani and Dhupguri, in Jalpaiguri','Jalpaiguri',92),(961,'','Mountains of Lakhdaria','Oumessad',6),(962,'','Mourad Didouche street','Algiers',6),(963,'','Moyale district in northeastern Kenya','Kilitipe',104),(964,'','Mukwe area\'s village of Muitjiku, in the region of Kavango, to the east of Rundu by 210km','Muitjiku',139),(965,'','Mumtazabad neighborhood','Multan',153),(966,'','Municipality of Aomar','Krarib',6),(967,'','Municipality of Aomar; northwest of Bouira','Draa El Mizan',6),(968,'','Municipality of Azzaba','Bissy',6),(969,'','Municipality of Beni Bechir; 17 KM south of Skikda','Guerbaa',6),(970,'','Municipality of Beni Bouatat;  55 KM south of Chlef','Helaim',6),(971,'','Municipality of Chetia; 250 KM west of Algiers','Ramlia',6),(972,'','Municipality of Draa El-Mizan; Tazrout region','Oued Slama',6),(973,'','Municipality of El Milia','T\'har Boufraha',6),(974,'','Municipality of El-Kennar; 35 KM east of Jijel','Faza',6),(975,'','Municipality of Erraguene; 60 KM southwest of Jijel','Aaloucha',6),(976,'','Municipality of Fil Fila; 20 KM east of Skikda','El Alia',6),(977,'','Municipality of Hamr El Ain; 75 KM west of Algiers','Hai El Djanoub',6),(978,'','Municipality of Mezaourou; daira of Telagh','Morched',6),(979,'','Municipality of Mizrana; Boumerds/Tizi Ouzou border','Mazer',6),(980,'','Municipality of Naciria; north side of Sidi Ali Bounab forest','Aryachene',6),(981,'','Municipality of Oued el Annab; district of Berrahal','Draa Errich',6),(982,'','Municipality of Oued el Berd; 50 KM north of Stif','Ouled Ayed',6),(983,'','Municipality of Oum Ali','Khezra',6),(984,'','Municipality of Sidi Lakhdar','Sidi Lakhdar',6),(985,'','Municipality of Sidi Lakhdar; 800 meters from National Road 4','Ben Achour',6),(986,'','Municipality of Sidi Okarche','Sidi Bou Aissa',6),(987,'','Municipality of Tadjna','Ain Soltane',6),(988,'','Muthur Main Road 500 meters east of Sri Lanka Army base in Kaddaiparichan, in the Palanagar area of Trincomalee district','Kaddaiparichan',186),(989,'','Mutiara Street in the Mardika area of Ambon','Ambon',93),(990,'','My Garden Hotel in Pattani','Pattani',205),(991,'','Myawaddy town, near the Thai-Burma Friendship Bridge, 230 miles northwest of Bangkok','Myawaddy',138),(992,'','Naen refugee camp near the town of Kefamenanu, midway between Kupang and Atambua, West Timor','Kefamenanu',93),(993,'','Narkopi village in Ranchi district, Bihar state','Narkopi',92),(994,'','National Mall','Washington',217),(995,'','National Road 43; 300 KM east of Algiers','Sfisfa',6),(996,'','Near a border crossing outside Tetovo','Jaznice',118),(997,'','Near a Hindu temple, in Batticaloa city, 220 kilometers (136 miles) east of Colombo.','Batticaloa',186),(998,'','Near a market in Khemis Miliana, southwest of Algiers','Khemis Miliana',6),(999,'','near a mosque in Athugala village in Welikanda','Welikanda district',186),(1000,'','Near a police checkpoint in Lucane village near Bujanovac','Lucane',235),(1001,'','near a police station in Vavuniya, 130 miles north of Colombo','Vavuniya',186),(1002,'','Near a polling station in Grozny, Chechnya','Grozny',167),(1003,'','Near a public high school on the outskirts of Port-au-Prince','Port-au-Prince',87),(1004,'','Near a station at the Syrian border','Walid Border Crossing',95),(1005,'','Near a United Nations building and the unoccupied Iranian Embassy in central Kabul','Kabul',4),(1006,'','Near Aboud village, west of Neveh Tzuf, in the Ramallah area','Aboud',155),(1007,'','Near Ahmeur El-Ain, west of Algiers','Ahmeur El-Ain',6),(1008,'','Near Alur Gading, Birem Bayeun in East Aceh','Banda Aceh',93),(1009,'','Near Ampara, 200 kilometers (125 miles) east of Colombo','Thirukkovil',186),(1010,'','Near Atarot and the Qalandia refugee camp, just north of Jerusalem','Atarot',155),(1011,'','Near Batna; Aures mountains','Theniet El-Abed',6),(1012,'','Near Batticaloa Railway station, 2 km out of Batticaloa town, 220 kilometers (135 miles) east of Colombo','Batticaloa',186),(1013,'','Near Beit Shean and Kibbutz Nir David, in the Bet She\'an Valley','Beit Shean',97),(1014,'','Near Ben Allel, about 75 miles west of Algiers','Ben Allel',6),(1015,'','Near Beni Bouattab','Benairia',6),(1016,'','Near Blida','Mouzaia',6),(1017,'','Near Boumerds','Issers',6),(1018,'','Near Bukeye in the province of Makamba','Bukeye',34),(1019,'','Near Chechnya\'s university in Grozny','Grozny',167),(1020,'','Near Chekfa','Sbet',6),(1021,'','Near Chlef','Abou El Hassen',6),(1022,'','Near Club des Pins; 20 KM west of Algiers','Bouchaoui',6),(1023,'','Near Coaticook town, a few kilometers from the Vermont border','Unknown',38),(1024,'','Near Constantine','El-Meridj',6),(1025,'','Near Dellys','Boubarak',6),(1026,'','Near Djelfa, 300 kilometers south of Algiers','Sidi-Bouzid',6),(1027,'','Near El Menzah forest','Oued Taourirt',6),(1028,'','Near Faya-Largeau airport','Faya-Largeau',42),(1029,'','Near Gandoh in Doda district, 180 kilometres north of Jammu','Gandoh Bhalessa',92),(1030,'','Near Gihanga, approximately 20 kilometers north of Bujumbura','Gihanga',34),(1031,'','Near Haifa Street','Baghdad',95),(1032,'','Near Hali-Ela railway station in Badulla, 160 kilometers (100 miles) east of Colombo','Badulla',186),(1033,'','Near Interstate-65','Louisville',217),(1034,'','Near Iqbal Nagar in Poonch district, north of Jammu','Poonch district',92),(1035,'','Near Jijel, 300 kilometers east of Algiers','Jijel',6),(1036,'','Near Kallady bridge in Kallady, in eastern Sri Lanka.','Kallady',186),(1037,'','Near Kerkera','Leghdira',6),(1038,'','Near Khemis Miliana','Tariq Ibn-Ziyad',6),(1039,'','Near Kiran in eastern Batticaloa District','Kiran',186),(1040,'','Near Laghouat, approximately 400 kilometres south of Algiers','Laghouat',6),(1041,'','Near Larbi Daali','El-Aouana',6),(1042,'','Near Lassana village on the Jammu-Poonch National Highway in Poonch district','Lasana',92),(1043,'','Near Lhokseumawe, the district capital of North Aceh','Lhokseumawe',93),(1044,'','Near Littleton in unincorporated Jefferson County','Littleton',217),(1045,'','Near Mahara; 10 KM from An Defla; Commune of Arib','Sidi Boumaza',6),(1046,'','Near Mda; 90 KM south of Algiers','Oued Lahreche',6),(1047,'','Near Mount Gerizim on the outskirts of Nablus','Nablus',155),(1048,'','Near Omega, Western Caprivi, approximately 270 km east of Rundu','Omega',139),(1049,'','Near Onezhskaya Street in Moscow','Golovinskiy',167),(1050,'','Near or in the public market in Chenkaladi town; Chenkaladi is located 16 kilometers north of Batticaloa','Chenkaladi',186),(1051,'','Near Otzarin in the West Bank','Otzarin',155),(1052,'','Near Oued Lili','Ziana',6),(1053,'','Near Oued Soudane','Berkouka',6),(1054,'','Near Qedar, a Jewish settlement located east of Jerusalem','Qedar',155),(1055,'','Near rebel territory','La Montanita district',45),(1056,'','near residence at Rambaikulam in Vavuniya town','Rambakulam',186),(1057,'','Near RN 5; 20 KM south of Bouira','Aomar',6),(1058,'','Near Samalangsu in Karbi Anglong district','Karbi Anglong district',92),(1059,'','Near Sanur town in Samaria','Sanur',155),(1060,'','Near Sawang Kupala, one kilometre east of Lhokseumawe, the district capital of North Aceh','Lhokseumawe',93),(1061,'','Near Sidi Bel Abbes','Moulay Larbi',6),(1062,'','Near Sidi Lakhdar on the road leading to Arib; 115 KM west of Algiers','Bouhdoud',6),(1063,'','Near Sinjil in Samaria','Sinjil',155),(1064,'','Near Tarkhan Majra village, on the Grand Trunk Road, 125 miles southeast of Amritsar, in Punjab state','Tarkhan Majra',92),(1065,'','Near Tegel International Airport in northern Reinickendorf district.','Berlin',75),(1066,'','Near Tetovo','Beloviste',118),(1067,'','Near Tetovo','Neprosteno',118),(1068,'','Near the airport in Port-au-Prince, Haiti','Port-au-Prince',87),(1069,'','Near the Atarot industrial zone north of Jerusalem','Jerusalem',155),(1070,'','Near the base of a media tower.','Atlanta',217),(1071,'','Near the Batticaloa police station','Batticaloa',186),(1072,'','Near the border with Colombia','Puerto Carreno',45),(1073,'','Near the bull ring','San Juan de Rioseco',45),(1074,'','Near the center of Caracas','Caracas',222),(1075,'','Near the central market in Grozny','Grozny',167),(1076,'','Near the Chbli train station','Haouch Tourab',6),(1077,'','Near the Chouicha woods; 18 KM east of Boumerds','Zemmouri',6),(1078,'','Near the city of Mda','Bouskene',6),(1079,'','Near the consulate of Pakistan, in an Islamic seminary','Jalalabad',4),(1080,'','Near the daira of Djendel','Ain Lechiakh',6),(1081,'','Near the deputy governor\'s house in Pursat, 200 kilometers northwest of Phnom Penh','Pursat',36),(1082,'','Near the eastern port of Trincomalee','Kinniya',186),(1083,'','Near the entrance to Emmanuel, 25 kilometers north of Jerusalem','Emanuel',155),(1084,'','Near the entrance to the Shavei Shamron settlement two kilometers northwest of Nablus','Nablus',155),(1085,'','Near the Erez Crossing in the northern Gaza Strip','Unknown',155),(1086,'','Near the French Hill settlement area','Jerusalem',97),(1087,'','Near the governor\'s office in Pursat, 200 kilometers northwest of Phnom Penh','Pursat',36),(1088,'','Near the Gush Katif settlement bloc in southern Gaza Strip','Gush Qatif',155),(1089,'','Near the Hebrew University\'s Mt. Scopus campus.','Jerusalem',97),(1090,'','Near the Indo-Bhutan border, Bongaigaon district','Dailongjhar',92),(1091,'','Near the Interior Ministry building in downtown Sofia','Sofia',32),(1092,'','Near the Libyan-Niger border','Unknown',6),(1093,'','Near the Libyan-Niger border','Unknown',6),(1094,'','Near the Libyan-Niger border','Unknown',6),(1095,'','Near the Libyan-Niger border','Unknown',6),(1096,'','Near the Libyan-Niger border','Unknown',6),(1097,'','Near the Libyan-Niger border','Unknown',6),(1098,'','Near the Mahsas apartment complex','Tidjelabine',6),(1099,'','Near the metro station Tyoply Stan, in southwestern Moscow','Tepley Stan',167),(1100,'','Near the ministry of education in downtown Kabul','Kabul',4),(1101,'','Near the Ministry of Finance\'s second gate, in New Delhi\'s North Block','New Delhi',92),(1102,'','Near the Montecarlo Hotel in Rosas resort town in the region of Costa Brava, north of Barcelona, in Catalonia','Rosas',185),(1103,'','Near the municipality building in Vucitrn, 30 kilometers from Pristina','Vucitrn',1003),(1104,'','Near the northeastern town of Bunia on the Ugandan border','Bunia',229),(1105,'','Near the Patt intersection in Jerusalem','Jerusalem',97),(1106,'','near the Selvanagar, Serunuwara in the Trincomalee district','Thoppur',186),(1107,'','Near the settlement of Dugit','Dugit',155),(1108,'','Near the town of Macabebe.','Macabebe',160),(1109,'','Near the Venezuelan border','Cucuta district',45),(1110,'','Near the village of Crkvena Vodica in central Kosovo','Crkvena Vodica',1003),(1111,'','Near the village of Dobrosin on the Llucan [Lucane]-Dobrosin road','Dobrosin',175),(1112,'','Near the Vizianagaram (District) of State en route to Orissa State','Unknown',92),(1113,'','Near Tiaret, in Tissmesilt province, 340 kilometers southwest of Algiers','Tiaret',6),(1114,'','Near Tipaza town, in Hattatba municipality, approximately 60 km from Algiers','Tipaza',6),(1115,'','Near Voinjama, Lofa county','Voinjama',112),(1116,'','Neighborhood of T\'har','El-Milia',6),(1117,'','Nepal Tilla in Dhalai district','Dhalai district',92),(1118,'','New Jalpaiguri railway station, 265 miles north of Calcutta','Shiliguri',92),(1119,'','Niagha village, approximately 100 km east of Ziguinchor','Niagha',174),(1120,'','No 198 Moskovskiy Prospekt, St. Petersburg','St. Petersburg',167),(1121,'','No additional location information is given','Bainem',6),(1122,'','No location mentioned','Unknown',186),(1123,'','Normandale Boulevard','Bloomington',217),(1124,'','North of Bagram Air Base','Bagram Air Field',4),(1125,'','North of Bogota','Giron',45),(1126,'','North West England. A Cancer Research Campaign shop in Lytham St Anne\'s, Lancashire','Lytham Saint Anne\'s',603),(1127,'','North Yorkshire. Near Ripon','Ripon',603),(1128,'','Northeast of Baghdad','Balad Ruz',95),(1129,'','Northeast of Bujumbura','Bujumbura',34),(1130,'','Northern suburb of Goussainville.','Paris',69),(1131,'','Northern Takhar province, 300 kilometers north of Kabul','Unknown',4),(1132,'','Northern. Bell\'s Row, in Armagh county\'s Lurgan, on the railway line between Lurgan and Antrim county\'s Lisburn','Lurgan',603),(1133,'','Nunavil, Chavakachcheri in the northern Jaffna peninsula','Nunavil',186),(1134,'','Occurred at Thampalakamam in the Trincomalee district','Thampalakamam',186),(1135,'','Off the coast of Trincomalee','Trincomalee',186),(1136,'','Off the northeast coast of Sri Lanka','Unknown',186),(1137,'','Office of the Eelam People\'s Democratic Party at Kurumankadu in Vavuniya district, 210 kilometers (130 miles) north of Colombo','Vavuniya',186),(1138,'','Oil rigs in the Niger Delta, 23 miles off of Nigeria\'s southern coast','Unknown',147),(1139,'','Oktyabrsky district in Grozny','Grozny',167),(1140,'','Olilim village, in Lira district, 350 km north of Kampala','Olilim',213),(1141,'','On 39th street at 22nd Avenue, in Le Soledad neighborhood','Bogota',45),(1142,'','On a highway in Colombia\'s western interior, between Samana and Victoria','Samana district',45),(1143,'','On a highway in Colombia\'s western interior, between Samana and Victoria','Samana district',45),(1144,'','On a highway near Bonna, approximately 100 kilometers northeast of Ziguinchor','Bona',174),(1145,'','On a highway near Quipile, 45 miles northwest of Bogota','Quipile',45),(1146,'','On a main highway between Jammu and Srinagar','Jammu',92),(1147,'','On a main highway between Jammu and Srinagar, near Kud, 100 kilometers east of Jammu','Kud',92),(1148,'','On a road between Imphal and Chandel, approximately 45 miles from Imphal','Unknown',92),(1149,'','On a road between MB 126 and Telerai villages, in Malkangiri district','Tellerai',92),(1150,'','On a road between Tapaktuan and Blang Pidie, in Aceh\'s southern area','Tapaktuan',93),(1151,'','On a road just east of Baghdad','Baghdad',95),(1152,'','On a road near the city of Mineralnye Vody\'s airport','Mineralnye Vody',167),(1153,'','On a road outside Dohuk, a town in northern Iraq','Duhok',95),(1154,'','On a rural highway just outside of Lejanias, in southern Meta','Lejanias',45),(1155,'','On airport road in Baghdad','Baghdad',95),(1156,'','On Al-Rabie (Spring) street in Baghdad','Baghdad',95),(1157,'','On Armenia-Cali Highway near Calarca, Colombia.','Calarca',45),(1158,'','On bicycle on way home from Koneshwaran temple in Trincomalee','Trincomalee',186),(1159,'','On Boulevard Road in Srinagar','Srinagar',92),(1160,'','on bus at Polgahawela in Kurunegala district, 80 km (50 miles) northeast of Colombo','Polgahawela',186),(1161,'','On College Road in the Baghbanpura area','Lahore',153),(1162,'','On Delmas Street, in Port-au-Prince','Port-au-Prince',87),(1163,'','On Franklin Boulevard','Eugene',217),(1164,'','On his bicycle from Navathkudah in Irakamam, Batticaloa.  He was cycling from Eichantivu past Palaikadu.','Navatkudah',186),(1165,'','On JI. Salemba Raya in a St. Carolus Hospital warehouse','Jakarta',93),(1166,'','On motorcycle on Kankesanthurai road between Maruthanamadam and Inuvil.','Maruthanamadam',186),(1167,'','On motorcycle on road in Thaddankulam, about 20km west of Vavuniya, which is 210km (130 miles) north of Colombo','Thandikulam',186),(1168,'','On Mount Kenya','Nyeri',104),(1169,'','on one Negombo-bound bus in Colombo and a second bus in Colombo (location unknown)','Colombo',186),(1170,'','On patrol in Kalkudah, in eastern Batticaloa, 220 km (135 miles) east of Colombo.','Kalkudah',186),(1171,'','On Pyatnitskaya Street, in Mitino district of northwestern Moscow','Mitino',167),(1172,'','On Resala Road','Hyderabad',153),(1173,'','On road between Benchoud and Dellys','Drarat',6),(1174,'','On road opposite the Pillayar Hindu temple in Valaichchenai, 299 km from Colombo in Batticaloa district.','Valaichchenai',186),(1175,'','On Street 4 in Centrol Residencial Los Vikingos in Northern Colombia, north of Bogota by 900km','Sincelejo',45),(1176,'','On the banks of a river in Hato Nuevo, near the Venezuelan border','Hato Nuevo',45),(1177,'','On the border between Batticaloa and Polonnaruwa districts','Sewanapitiya',186),(1178,'','On the border of Afghanistan','Chaman',153),(1179,'','On the border with Ecuador','Orito',45),(1180,'','On the highway to the International airport','Port-au-Prince',87),(1181,'','On the Kodori Highway in the center of Sukhumi, Abkhazia','Sukhumi',74),(1182,'','On the Magdalena River between the municipalities of Montecristo and Magangue','Montecristo',45),(1183,'','On the major highway connecting Guatemala City and the Caribbean Coast.','Sanarate',83),(1184,'','On the Point Pedro-Ariyalai Road, near the Nallur temple in Jaffna','Jaffna',186),(1185,'','On the Popayan-Pasto road between Timbio and Rosas, 390 kilometers from Bogota','Rosas',45),(1186,'','On the road between Bachi-Yurt and Tsentoroi','Bachi-Yurt',167),(1187,'','On the road between Barakaldo and Trapagaran, in Sestao town','Sestao',185),(1188,'','On the road between Luanda and Malanje','Cete',8),(1189,'','On the road connecting Santa Barbara and Monte Bello','Santa Barbara district',45),(1190,'','On the road leading to the Baghdad International Airport','Baghdad',95),(1191,'','On the road to the airport','Cravo Norte',45),(1192,'','On the Tbilisi highway outside of Tbilisi','Tbilisi',74),(1193,'','On the Trans-Samaria Highway near the Jordan Valley','Unknown',97),(1194,'','on the way to victim\'s office in Akkaraipattu','Akaraipattu',186),(1195,'','On Venezuela de Cartagena Avenue','Cartagena',45),(1196,'','Ondorroa town','Ondarroa',185),(1197,'','One firebomb ignited inside the kitchen located at the rear of the building.  The other firebomb ignited on the outside grass of the facility.','Tulsa',217),(1198,'','Ouarsenis mountains','Beni Bouateb',6),(1199,'','Oued Chorfa village, 200 kilometers west of Algiers','Oued Chorfa',6),(1200,'','Oued Djemaa; slopes of Djebel Louh; 53 KM southeast of An Defla','Tefrant',6),(1201,'','Oued Sbaa; 400 KM west of Algiers','Bou Sbaa',6),(1202,'','Ouezra village in Medea region','Ouezra',6),(1203,'','Ouled Bakrat beach in Saraida, outside Annaba town and 370 miles from Algiers','Saraida',6),(1204,'','Ourida district','Blida',6),(1205,'','Outside a government office located near Zarnigar Park','Kabul',4),(1206,'','Outside a residence in Heredia','Unknown',49),(1207,'','outside Capitola City Hall, in Capitola, CA','Capitola',217),(1208,'','Outside Green Zone','Baghdad',95),(1209,'','Outside of a bookstore, opposite the Spinzar Hotel and near the Taliban Information Ministry','Kabul',4),(1210,'','Outside of a grocery store in Kanak Mandi market in Jammu','Jammu',92),(1211,'','Outside of a hospital in Tenes','Tenes',6),(1212,'','Outside of a restaurant in Bill Clinton Square in Pristina','Pristina',1003),(1213,'','Outside of Banjica village, halfway between Urosevac and Strpce','Banjica',235),(1214,'','Outside of the courthouse is Lanciano, near Chieti','Lanciano',98),(1215,'','Outside of the headquarters of the Democratic Party in downtown Belgrade','Belgrade',235),(1216,'','Outside of the house of Rodolfo Gallardo Hernandez in Tijuana','Tijuana',130),(1217,'','Outside of the Hyderabad train station in Hyderabad, heading east to Mirpur Khas, about 100 miles north of the port city of Karachi','Hyderabad',153),(1218,'','Outside of the intended victims\' apartment in San Sebastian','Donostia-San Sebastian',185),(1219,'','Outside of the Jame cloth market in Karachi','Karachi',153),(1220,'','Outside of the Taegu Civil Stadium','Daegu',184),(1221,'','Outside of the target\'s home in the south of Bishkek','Bishkek',107),(1222,'','Outside of the victim\'s home in Gapui, Pidie district','Gapui',93),(1223,'','Outside of the victim\'s home in Souk Ahras, 615 kilometers east of Algiers','Souk Ahras',6),(1224,'','Outside of the victim\'s office in the district of Polana','Maputo',137),(1225,'','outside Placer County Courthouse in Auburn, CA','Auburn',217),(1226,'','Outside the Banco Guipuzcoano','Donostia-San Sebastian',185),(1227,'','Outside the entrance to the office of the oil company, Sibneft, in downtown Moscow','Moscow',167),(1228,'','Outside the Montenegrin capital\'s Justice and Education ministries building on Vuka Karadzica Street','Podgorica',1002),(1229,'','outside the Municipal Council Building in Kalmunai in the Ampara district, 220km east of Colombo','Kalmunai',186),(1230,'','Outside the victim\'s home in Phnom Penh','Phnom Penh',36),(1231,'','Outside the victim\'s house in Istok city','Istok',1003),(1232,'','Outside the village of Mazer; municipality of Mizrana; near Tigzirt','Tiza',6),(1233,'','outside Wegner Hall at the Washington State University Campus in Pullman, WA','Pullman',217),(1234,'','Outskirts of Ouled Sida','Oued El Djemaa',6),(1235,'','Outskirts of Sidi M\'ansar; between Batna and Khenchela','Timgad',6),(1236,'','Outskirts of Zemmouri; 15 KM east of Boumerds','Zemmouri',6),(1237,'','Padalembara','Padalembara',93),(1238,'','Paddar Valley\'s village of Luddar','Doda district',92),(1239,'','Palaiyoothu, along Trincomalee Kandy highway about 3 km out from Trincomalee','Trincomalee',186),(1240,'','Pamplona, Navarre','Pamplona',185),(1241,'','Pan-American Highway on the Boyaca-Cundinamarca Border','Unknown',45),(1242,'','Pandirippu, Kalmunai center, in Amparai district','Kalmunai',186),(1243,'','Pangeo on Morotai Island','Pangeo',93),(1244,'','Panico, a rural area hamlet,  558 miles north of Bogota','Tierralta district',45),(1245,'','Paseo del Puerto street in Neguri neighborhood in Getxo, approximately 12 miles east of Bilbao','Getxo',185),(1246,'','Patiwunga','Patiwunga',93),(1247,'','Patrice Lumumba street','Algiers',6),(1248,'','Pece-Acoyo in Koro sub-county, 360 kilometers north of Kampala','Pece Acoyo',213),(1249,'','Pekuarjala-Janmejoynagar constituency, Tripura','Unknown',92),(1250,'','People\'s Liberation Organization for Tamil Eelam (PLOTE) political office in residential area in northern town of Jaffna near Jaffna hospital.','Jaffna',186),(1251,'','People\'s Liberation Organization of Tamil Eelam (PLOTE) office in Batticaloa, 300 km (187 miles) east of Colombo','Batticaloa',186),(1252,'','Periyathampanai village, Vavuniya district','Periyathampanai',186),(1253,'','Pesalai police station, 14 km out of Mannar town','Pesalai',186),(1254,'','Pethispura junction, approaching Trincomalee town, 260 kilometres (160 miles) northeast of Colombo','Trincomalee district',186),(1255,'','Place Maurice Audin','Algiers',6),(1256,'','Point Pedro Jaffna highway at Maruthady junction, 500 meters south of Point Pedro town of Jaffna district','Point Pedro',186),(1257,'','Police post at Maruthamunai on the Batticaloa-Kalmunai road','Maruthamunai',186),(1258,'','Police truck traveling on Palaly-Jaffna road near Kandermadam Junction, about 2.5km from Jaffna center and heading towards Jaffna town.','Jaffna',186),(1259,'','Policemen were on duty in front of the Batticaloa Jayanthipuram checkpoint.','Batticaloa',186),(1260,'','Premiership Treasury and Foreign Trade Undersecretariat service building in the Istanbul suburb of Sisli','Istanbul',209),(1261,'','Prey Tonle commune','Unknown',36),(1262,'','Prime Minister Zoran Djindjic was shot  in front of his government headquarters in Belgrade.','Belgrade',175),(1263,'','Pristina','Pristina',1003),(1264,'','Procession between two Hindu temples (one  is the Maamangam temple) in Batticaloa, 220 kilometers east of Colombo','Batticaloa',186),(1265,'','Provincial town of Kathankudy, in Akkaraipattu is in the Amparai district.','Kattankudy',186),(1266,'','Puttalam, 120 kilometers (75 miles) north of Colombo','Puttalam',186),(1267,'','Qingshan district','Wuhan',44),(1268,'','Rabia Tahar District','Bab Ezzouar',6),(1269,'','Railway track near Cuddalore','Cuddalore',92),(1270,'','Railway tracks between Parasnath and Nimiaghat railway stations in Giridih District','Giridh district',92),(1271,'','Ramgaon village, 35 miles outside of Gauhati, the capital','Ramgaon',92),(1272,'','Region of Zoubiria; 10 KM southwest of Berrouaghia','Draa el Temar',6),(1273,'','Rein petroleum products company in Vladivostok','Vladivostok',167),(1274,'','Residence in Makhachkala, in Dagestan','Makhachkala',167),(1275,'','Residence on the outskirts of Grenoble','Grenoble',69),(1276,'','Residency Road area in the heart of Srinagar','Srinagar',92),(1277,'','Returning from attending a pooja at the Koneswaran kovil (Hindu temple).','Trincomalee',186),(1278,'','Road between Ben Chicao and Berrouaghia','Ben Chicao',6),(1279,'','Road between Dar El Beda and Hamada; suburb of Algiers','Dar El Beida',6),(1280,'','Road between Meftahi and Tacheta','Meftahi',6),(1281,'','Road between Tadmait and Ait Ouarzedine; 20 KM east of Tizi Ouzou','Tadmait',6),(1282,'','Road between Zemmouri and Legata','Zemmouri',6),(1283,'','Road leading to Djendel and Khemis; 80 KM south of Algiers','Draa Esmar',6),(1284,'','Road leading to Ouled Ghanoune; 15 KM from Oued El Abtal','Ain Ferah',6),(1285,'','Road linking Ain Djassem to Serriana','Seriana',6),(1286,'','Road linking Ain Kechra to Oum Toub','Bou Shaba',6),(1287,'','Road linking Ain Rich to M\'Sila','Ain Rich',6),(1288,'','Road linking Azzefoun to Aghrib; 100 KM east of Algiers','Azeffoun',6),(1289,'','Road linking Beni Milenk to Adhouia','Beni Milleuk',6),(1290,'','Road linking Boudouaou to Keddara; 20 KM southwest of Boumerds','Sidi Salem',6),(1291,'','Road linking Jijel to Bjaa; municipality of Ziama-Mansouria','Timardjane',6),(1292,'','Road linking Larbaa Nath Irathen to Ain El-Hammam','Taourarine',6),(1293,'','Road linking Maala to Lakhdaria','Maala',6),(1294,'','Road linking Merouana to Batna','Mechtet Agradou',6),(1295,'','Road linking Moussadek to Tadjna; 50 KM north of Chlef','Moussadek',6),(1296,'','Road linking RN 5 and Draa El Mizan; 90 KM southeast of Algiers','Draa El Mizan',6),(1297,'','Road linking Sahel Boubarak to Sidi Daoud; 40 KM northeast of Boumerds','Sahel Boubarak',6),(1298,'','Road linking Tablat to Larbaa; 30 KM southwest Algiers','Oued-Djemaa',6),(1299,'','Road linking Tizi Ghenif to Kadiria; 40 KM south of Algiers','Tizi Ghenif',6),(1300,'','Road linking Tizi Ouzou to Beni Douala','Tibarkoukin',6),(1301,'','Road linking Zemmouri and Boumerds','Sghirat',6),(1302,'','Road that leads to El-Biar','Algiers',6),(1303,'','Robinson Town Centre, Park Manor Boulevard','Pittsburgh',217),(1304,'','Robis village near the government town of Mile 91, approximately 100 kilometers east of Freetown','Robis',177),(1305,'','Roof of building','Rapid City',217),(1306,'','Rue Chinaz; Suburb of Algiers; Municipality of El Harrach','Boumaati',6),(1307,'','Rue Didouche Mourad','Algiers',6),(1308,'','Ruvumera market, Buyenzi district, central Bujumbura','Buyenze district',34),(1309,'','Sadar Bazar district in the north of New Delhi','New Delhi',92),(1310,'','Sadhana intersection','Bagerhat',19),(1311,'','Sadr City neighborhood','Baghdad',95),(1312,'','Sakhr El Balah beach; 25 KM from Jijel','Sidi Abdelaziz',6),(1313,'','Sanginora','Sanginora',93),(1314,'','Santa Helena, in the outskirts of Medellin','Medellin',45),(1315,'','Sardarpur village in southern Punjab','Sardarpur',153),(1316,'','Sashisangmapara in Dhalai district','Dhalai district',92),(1317,'','Satal neighborhood near the Olympic stadium','Relizane',6),(1318,'','Savanette town, about 35 miles northeast of Port-au-Prince','Savanette',87),(1319,'','Scott Towne Center, 2101 Greentree Rd','Pittsburgh',217),(1320,'','Scottish Borders. A farm in Hawick','Hawick',603),(1321,'','Serapathar village, in Karbi Anglong district','Sarupathar',92),(1322,'','Sergei Yushenkov was shot outside the doorsteps of his apartment building on Svoboda Streetin Moscow.','Moscow',167),(1323,'','Settlements located on the outskirts of Goma City','Goma',229),(1324,'','Sherpur Bus Stand','Sherpur',19),(1325,'','Shot near the Irudiyapuram cemetery in Batticaloa. Had been visiting a land near the Antania Garment factory at Jayanthipura in Batticaloa.','Batticaloa',186),(1326,'','Sibi district','Sunny Shoran',153),(1327,'','Sibnagar area of Agartala','Agartala',92),(1328,'','Sidi Abderrahmane, west of Tenes, approximately 160 km west of Algiers','Sidi Abderrahmane',6),(1329,'','Sidi Abdurrahman neighborhood; near the Chrea mountains; 50 KM south of Algiers','Bouarfa',6),(1330,'','Sidi Abed region','Merdja',6),(1331,'','Sidi Ali Bounab mountains','Oued Birane',6),(1332,'','Sidi Bayazid','Thledja',6),(1333,'','Slama, in El Hoceinia municipality, 15 kilometers northeast of El Khemis, Ain Defla Province','Slama',6),(1334,'','Sokure village near the border with Guinea','Sokurela',177),(1335,'','Somewhere between Presevo and Pasjane near Gnjilane','Pasjane',1003),(1336,'','Somewhere in Iraq.  The incident was publicized through a video release that did not make it possible to determine location','Unknown',95),(1337,'','Sopnic village near Orahovac','Sopnic',1003),(1338,'','Sopore in Baramulla district','Sopore',92),(1339,'','sources reference both a 2nd mile post on the Valaichenai-Vaakarai road near the State Cashew Plantation in the general area of Kadjuwatte, about 55 miles north of Batticaloa, as well as Kirimichchakulam farming village','Kajuwatte',186),(1340,'','South of Bogota by 230 miles','Pitalito',45),(1341,'','South of Islamabad by 180 miles','Bihari',153),(1342,'','South of Serzhen-Yurt village on a road in Vedeno gorge between Gudermes and Vedeno','Serzhen-Yurt',167),(1343,'','South Yorkshire. An agricultural supply shop located on the outskirts of Sheffield','Sheffield',603),(1344,'','Southern edge of Kadiria; 33 KM north of Bouira','M\'rahnia',6),(1345,'','Southern Karachi','Karachi',153),(1346,'','Southern Macedonia','Unknown',118),(1347,'','Sovetskaya Street, outside the Kavkaz hotel, in Makhachkala','Makhachkala',167),(1348,'','Spot called La Caps; 500 meters from Hameur El Ain; road linking Hameur El Ain to Sidi Rached','Hameur El Ain',6),(1349,'','Spot known as Lambert','Adekar',6),(1350,'','Sri Mangalapura area in the Seruvila division, south of Muttur in Trincomalee district','Serunuware',186),(1351,'','St. Michael\'s Church','Batticaloa',186),(1352,'','Stamboul mountains; between El Gatna and Bou Hanifia','Rhabet Stamboul',6),(1353,'','Suburb of Algiers','Birkhadem',6),(1354,'','Suburb of Algiers','Birkhadem',6),(1355,'','Suburb of Baraki','Algiers',6),(1356,'','Suburb of Tizi Ouzou','Boukhalfa',6),(1357,'','Sudar Oli newspaper office in Wellawatte, Colombo','Colombo',186),(1358,'','Sun Television retransmission station in Vairavarpuliyankulam in Vavuniya, 210 km (130 miles) north of Colombo.','Vavuniya',186),(1359,'','Tajikistan, a former Soviet republic','Unknown',202),(1360,'','Takbou, a suburb of Medea, 80 kilometers (50 miles) south of Algiers','Mda',6),(1361,'','Tamalous area','Kerkara',6),(1362,'','Tamil political office','Valaichchenai',186),(1363,'','Tamil Rehabilitation Organization (TRO) office on Dias Road in Batticaloa','Batticaloa',186),(1364,'','Tamil Rehabilitation Organization District Office (or Secretariat) on Station Road (or Bar Rd. depending on the report) near Batticaloa Railway station, 220 km (135 miles) east of Colombo.','Batticaloa',186),(1365,'','Tamrijt village, in the eastern Bejaia region','Tamrijt',6),(1366,'','Tan Bank','Wellington',603),(1367,'','Tangkura','Tangkura',93),(1368,'','Tansoa village in the Gorong area','Tansoa',93),(1369,'','Tarik El Oued Market; 360 southwest of Algiers','Mascara',6),(1370,'','Tarzoo village, north of Srinagar','Tarzoo',92),(1371,'','Tavistock Square','London',603),(1372,'','Thalit village, approximately 70 kilometers southwest of Algiers','Thalit',6),(1373,'','The 30th floor of Teqendama apartments and hotel in downtown Bogota','Bogota',45),(1374,'','The AgroAction office in the region of Tavil-Dara, to the east of Dushanbe by 100 miles','Tavildara (District)',202),(1375,'','The AJ Patty area of downtown Ambon city','Ambon',93),(1376,'','The Akshardham Hindu temple complex in Gandhinagar','Gandhinagar',92),(1377,'','The American embassy','Kabul',4),(1378,'','The article states that the attack occurred in a \"tiny hamlet in Saida province.\"','Unknown',6),(1379,'','The attack happened as the convoy of vehicles left the city of Pulumur.','Pulumur',209),(1380,'','The attack happened in southern Ghorak District, approximately 90 kilometers northwest of Kandahar City.','Ghorak district',4),(1381,'','The attack happened within the Pattani District at a police sentry post.','Yaring District',205),(1382,'','The attack happened within the Sai Buri District at a police sentry post.','Sai Buri District',205),(1383,'','The attack occurred 2.5 miles off the coast of Dugit.','Dugit',155),(1384,'','The attack occurred as the victim left his party\'s political office in the city of Kirkuk, Iraq','Kirkuk',95),(1385,'','The Attack occurred at a police checkpoint in Nimroz province.','Unknown',4),(1386,'','The attack occurred at an army recruitment center in the town of Rabiah, Iraq.','Rabiaa',95),(1387,'','The attack occurred at an Iraqi Army Center at the Muthanna Airport in central Baghdad','Baghdad',95),(1388,'','The attack occurred at an Israeli Army checkpoint near Tulkarm.','Tulkarem',155),(1389,'','The attack occurred at the Hammam al-Alil police station in Mosul, Iraq','Mosul',95),(1390,'','The attack occurred between Kandahar and Tirin Kot, 110 kilometers (70 miles) to the north in Uruzgan province.','Kandahar',4),(1391,'','The attack occurred in a wooded area near Boghni at a mock roadblock.','Boghni',6),(1392,'','The attack occurred in the Indian Ocean off of Point Pedro.','Point Pedro',186),(1393,'','The attack occurred in the outskirts of Jakarta','Jakarta',93),(1394,'','The attack occurred in the village of Mula Masood Ziarat in southeastern Afghanistan','Mullah Masaud',4),(1395,'','The attack occurred on a road connecting the Rabta forest to Kadiria.','Kadiria',6),(1396,'','The attack occurred west of Baghdad, Iraq near the Abu Ghraib prison.','Abu Ghraib',95),(1397,'','The attack took place at a checkpoint leading into the Green Zone in Baghdad, Iraq','Baghdad',95),(1398,'','The attack took place at a disputed temple.','Ayodhya',92),(1399,'','The attack took place at the Shi i Husayniyah Mosque in Ajbalah, Iraq','Ajbalah',95),(1400,'','The attack took place in an area known as Yanajanca, 11 km from Nuevo Progreso','Nuevo Progreso',159),(1401,'','The attack took place on one of the main streets.','Srinagar',92),(1402,'','The attempted attack occurred near the town of Bijbiara in Kashmir, India','Bijbehara',92),(1403,'','The Attorney-General\'s office in Jakarta','Jakarta',93),(1404,'','The Bani Naim junction, near Bani Naim outside of Hebron','Hebron',155),(1405,'','The Basic Court in Struga','Struga',118),(1406,'','The Basilica of the Immaculate Conception in Castries','Castries',190),(1407,'','The Belayneh Hotel, which stands just outside the walls of Harer city','Harer',65),(1408,'','The bomb exploded in the region of Khasavyurt as well as the gunfight between the suspects and the Russian security forces, near the Chechen border','Khasavyurt',167),(1409,'','The bombing occurred at the Al-Sadir Hotel in Baghdad, Iraq','Baghdad',95),(1410,'','The bombing occurred outside of the Caixa Galicia Bank at the intersection of Montero Rios St. and Doctor Teixeiro St.','Santiago de Compostela',185),(1411,'','The bridge that joins the two Gush Etzion road tunnels in Beit Jala','Beit Jallah',155),(1412,'','The British Council building in Beirut','Beirut',110),(1413,'','The British High Commission in Islamabad','Islamabad',153),(1414,'','The Bronx, a gay nightclub, in Greenpoint, a suburb of Cape Town','Cape town',183),(1415,'','The Brooklyn Club in Githurai, a neighborhood in eastern Nairobi','Githurai',104),(1416,'','The building of the Istanbul mufti near a mosque in Eminonu district in Istanbul','Istanbul',209),(1417,'','The buildings of the Basic Court and the Municipal Assembly in Kumanovo','Kumanovo',118),(1418,'','The bus depot in Kandy, 115 km (70 miles) northeast of Colombo','Kandy',186),(1419,'','The bus terminal in Adjame neighborhood','Abidjan',99),(1420,'','The Buterere neighborhood, northeast of Bujumbura','Buterere',34),(1421,'','The Caribbean coastal city of Barranquilla','Barranquilla',45),(1422,'','The Carribean town of La Fortuna, approximately 100 kilometers north of Bahia Solano','La Fortuna',45),(1423,'','The Cekul Foundation main offices in Istanbul, Marmara region','Istanbul',209),(1424,'','The cemetary in Zarautz','Zarauz',185),(1425,'','The Center for Democratic Empowerment offices in Monrovia','Monrovia',112),(1426,'','The center of Socorro town, 270 kilometers northeast of Bogota','Socorro',45),(1427,'','The Centra Suva, a premier business hotel in Suva','Suva',67),(1428,'','The centre of Stepanakert, in Nagorno-Karabakh Republic','Stepanaket',16),(1429,'','The Champa Palace Hotel in Pakse, 500 kilometers (312 miles) southeast of Vientiane','Pakse',108),(1430,'','The Cheddikulam police checkpoint near Vavuniya','Cheddikulam',186),(1431,'','The Chezh embassy in central Belgrade','Belgrade',235),(1432,'','The Christian hospital in Bannu, 50 kilometers east of Afghanistan and 240 kilometers southwest of Islamabad','Bannu',153),(1433,'','The Civil Guard barracks in Intxaurrondo on the outskirts of San Sebastian','Donostia-San Sebastian',185),(1434,'','The Cocorna-San Luis portion of the Medellin-Bogota highway','Unknown',45),(1435,'','The compound of the Kabul Hotel in downtown Kabul','Kabul',4),(1436,'','The construction site for a new police barracks in Dagua, southwest of Colombia','Dagua',45),(1437,'','The couthouse in Eibar, Basque country','Eibar',185),(1438,'','The Dardania district of Pristina','Pristina',1003),(1439,'','The Departmental Directorate of Infrastructure [DDE] government building in Bastia','Bastia',69),(1440,'','The detainment began in Kuiva in southeastern Sierra Leone, then moved to Pendembu','Kuiva',177),(1441,'','The Dogan Media Center on the outskirts of Istanbul','Istanbul',209),(1442,'','The domestic air terminal at Wattay airport just outside of Vientiane','Vientiane',108),(1443,'','The editorial office of the newspaper Daily Jang in Karachi','Karachi',153),(1444,'','The Environment Office of Corsica in Corte','Corte',69),(1445,'','The Exotic Discotheque in the Chinatown area (Mangga Besar) of Jakarta','Jakarta',93),(1446,'','The explosion occurred on a road adjacent to the Sher-e Kashmir Cricket Stadium in Srinagar, Kashmir','Srinagar',92),(1447,'','The explosion took place 30 miles away from the harbor in Kusadasi','Kusadasi district',209),(1448,'','The Exxon Mobil base in Finima, on the island of Bonny near Port Harcourt','Finima',147),(1449,'','The first floor of the Sadbarg shopping center in Dushanbe','Dushanbe',202),(1450,'','The Free University in eastern Cucuta','Cucuta',45),(1451,'','The general area of Kalutavalai, Mankerny, south of Batticaloa','Kalutavakai',186),(1452,'','The Green Zone in Baghdad','Baghdad',95),(1453,'','The grenades exploded between the rented warehouse and a house belonging to a senior Indonesian military officer in downtown Jakarta.','Jakarta',93),(1454,'','The guardhouse of the government\'s headquarter offices','Athens',78),(1455,'','The Hawara Checkpoint south of Nablus','Nablus',155),(1456,'','The head office of RIA, the Italian broadcaster','Unknown',98),(1457,'','The headquarters of the Latin American Economic Research Foundation (FIEL) on 637 Cordoba Avenue in the Retiro neighborhood of the Buenos Aires downtown area','Buenos Aires',11),(1458,'','The headquarters of the Sri Lanka Army and the adjoining Slave Island Railway Station in Colombo.','Colombo',186),(1459,'','The headquarters of the Sri Lanka Army.','Colombo',186),(1460,'','The highway between Bucaramanga and Santa Marta','Bucaramanga district',45),(1461,'','The hijacked plane crash-landed 150 miles northwest of Washington D.C. in a field near the town of Shanksville.','Shanksville',217),(1462,'','The hijacking occurred on a flight that departed from Sanaa and was originally destined for Taizz. However the flight was redirected to Djibouti for refuelling where it was overpowered before reaching the hijacker\'s intended destination of Baghdad Interna','Sanaa',228),(1463,'','The Home Media Company office in Surate Thani, in the southern area of Thailand, 330 miles from Bangkok','Surat Thani',205),(1464,'','The home of P. Suriyamoorthi in Trincomalee','Trincomalee',186),(1465,'','The home of the intelligence coordinator in Bern','Berne',199),(1466,'','The hotel balcony of Tembo Inn','Kampala',213),(1467,'','The incident began in Cartagena and ended in Maria La Baja','Cartagena',45),(1468,'','The incident happened at the Pakajani Bridge between Bijni and Patilidaha stations in Barpeta district of lower Assam','Bijni',92),(1469,'','The incident occurred 19 miles east of Bunia.','Ndoki',229),(1470,'','The incident occurred 35 kilometers from Buesaco','Buesaco district',45),(1471,'','The incident occurred 90 miles East of Malakal in the village Kiechkuon.','Kiechkuon',195),(1472,'','The incident occurred along Bishop Street in Fountain estate, near Upper Bennett Street','Londonderry',603),(1473,'','The incident occurred along Sir Iqbal Road in the Khulna City Corporation neighborhood of the city.','Khulna',19),(1474,'','The incident occurred around the El Kilometro 40 hamlet, Tibu jurisdiction','La Gabarra district',45),(1475,'','The incident occurred at 101 E. Kennedy Blvd.','Tampa',217),(1476,'','The incident occurred at 1600 Thomas Avenue Building.','Pacific Beach',217),(1477,'','The incident occurred at 1607 SE Railroad Blvd.','Redmond',217),(1478,'','The incident occurred at 29476 Airport Road.','Eugene',217),(1479,'','The incident occurred at a branch of EFG Eurobank.','Athens',78),(1480,'','The incident occurred at a building site at Moygashel near Dungannon in County Tyrone.','Moygashel',603),(1481,'','The incident occurred at a bus station outside Ariel.','Ariel',155),(1482,'','The incident occurred at a bus stop in the Jewish settlement district of Neve Yaakov','Jerusalem',155),(1483,'','The incident occurred at a bus stop in the Jewish settlement of French Hill','Jerusalem',155),(1484,'','The incident occurred at a clock Square in downtown Ramallah','Ramallah',155),(1485,'','The incident occurred at a crude oil pipeline','Sivasagar',92),(1486,'','The incident occurred at a hospital in Jizan.','Jizan',173),(1487,'','The incident occurred at a hostel.','Eisenhuttenstadt',75),(1488,'','The incident occurred at a house on Old Oak Drive in Washtenaw County, MI','Plymouth',217),(1489,'','The incident occurred at a house on the Knockmore estate in Lisburn','Lisburn',603),(1490,'','The incident occurred at a Jewish Settlement.','Gush Qatif',155),(1491,'','The incident occurred at a Jewish Settlement.','Kfar Darom',155),(1492,'','The incident occurred at a Liverpool Street Station.','London',603),(1493,'','The incident occurred at a location known as Al-Ansar which is outside of the village of Thiouarzedine.','Thiouarzedine',6),(1494,'','The incident occurred at a mansion on the 6900 block of North Shore Trail in Forest Lake, MN','Forest Lake',217),(1495,'','The incident occurred at a McDonald\'s nearing completion of construction at 1250 W and 9000 S.','West Jordan',217),(1496,'','The incident occurred at a McDonald\'s restaurant located at Mesogheion Avenue and Dhimitsanas Street, in northern Agia Paraskevi area of Athens.','Athens',78),(1497,'','The incident occurred at a medical center office.','Bujumbura',34),(1498,'','The incident occurred at a mission school in Rajouri town in Jammu division','Rajouri',92),(1499,'','The incident occurred at a watch shop in Khobar.','Khobar',173),(1500,'','The incident occurred at an oil rig located approximately 100 miles northeast of Sanaa.','Unknown',228),(1501,'','The incident occurred at apartments in Vitoria.','Vitoria',185),(1502,'','The incident occurred at Bujumbura Airport.','Bujumbura',34),(1503,'','The incident occurred at Ghulam Nabi Lone\'s home','Srinagar',92),(1504,'','The incident occurred at Korean United Methodist Church.','Bloomington',217),(1505,'','The incident occurred at Mahane Yehuda outdoor market.','Jerusalem',97),(1506,'','The incident occurred at the at the Abu Hawli Crossing Israeli army checkpoint','Gosh Qatif',155),(1507,'','The incident occurred at the Atakoy Marina in the Bakirkoy area of the city.','Istanbul',209),(1508,'','The incident occurred at the Athlone police station on the Cape Flats, Cape Town.','Cape Town',183),(1509,'','The incident occurred at the Azur intersection, near the city.','Holon',97),(1510,'','The incident occurred at the Bandaranaike International Airport','Katunayake',186),(1511,'','The incident occurred at the Bayt Furik junction near the Yitzhar settlement in the West Bank.','Bayt Furik',155),(1512,'','The incident occurred at the Burgess pulp mill','Berlin',217),(1513,'','The incident occurred at the Days Inn Hotel in Amman.','Amman',102),(1514,'','The incident occurred at the Dinamo Sports Stadium','Grozny',167),(1515,'','The incident occurred at the Grand Hyatt Hotel in Amman.','Amman',102),(1516,'','The incident occurred at the Hollymead Town Center construction site just off U.S. 29 in Charlottesville, VA','Charlottesville',217),(1517,'','The incident occurred at the home of Ikhlas Khouli','Tulkarem',155),(1518,'','The incident occurred at the home of Yasser Arafat','Unknown',155),(1519,'','The incident occurred at the Israeli Embassy in Amman.','Amman',102),(1520,'','The incident occurred at the Jeremy Hotel in the city.','Netanya',97),(1521,'','The incident occurred at the Lettereev area of Ballymena.','Ballymena',603),(1522,'','The incident occurred at the National University of Colombia','Bogota',45),(1523,'','The incident occurred at the Negohot settlement','Negohot',155),(1524,'','The incident occurred at the Nunura Bridge midway between Maliana and Balibo.','Balibo',347),(1525,'','The incident occurred at the Phaphlu Airport.','Phaphlu',141),(1526,'','The incident occurred at the Radisson Hotel in Amman.','Amman',102),(1527,'','The incident occurred at the Srinagar International Airport','Srinagar',92),(1528,'','The incident occurred at the U.S. consulate in Jeddah.','Jeddah',173),(1529,'','The incident occurred at the Woodruff Health Sciences Center at Emory University','Atlanta',217),(1530,'','The incident occurred at Wandhama in Ganderbal of Srinagar.','Srinagar',92),(1531,'','The incident occurred between Riverside and Moreno Valley, about 70 miles east of Los Angeles, California','Edgemont',217),(1532,'','The incident occurred close to the border with Burundi.','Unknown',203),(1533,'','The incident occurred close to the border with Burundi.','Unknown',203),(1534,'','The incident occurred en route to Joseph\'s Tomb.','Nablus',155),(1535,'','The incident occurred en route to Joseph\'s Tomb.','Nablus',155),(1536,'','The incident occurred in 60 miles southwest of Port Sudan in Braniu.','Braniu',195),(1537,'','The incident occurred in a bus on Allenvy St .','Tel Aviv',97),(1538,'','The incident occurred in Balono neighborhood/village near Isabela','Balono',160),(1539,'','The incident occurred in Borgo, a suburb of Bastia.','Borgo',69),(1540,'','The incident occurred in Fahaheel, 12 miles from Kuwait city','Fahaheel',106),(1541,'','The incident occurred in Kabacan','Kabacan',160),(1542,'','The incident occurred in Kabacan, North Cotabato province','Kabacan',160),(1543,'','The incident occurred in Kidapawan City, North Cotabato','Kidapawan',160),(1544,'','The incident occurred in Kokrajhar district, 280 kilometres from Guwahati.','Dadgiri',92),(1545,'','The incident occurred in northern Mogadishu.','Mogadishu',182),(1546,'','The incident occurred in Pechersk neighborhood.','Kyiv',214),(1547,'','The incident occurred in Pola','Pola',160),(1548,'','The incident occurred in Teiglow village, 185 miles northwest of Mogadishu.','Tayeeglow',182),(1549,'','The incident occurred in the Agoro mountain ranges.','Unknown',195),(1550,'','The incident occurred in the airspace between San Vincente and Bogota.','San Vicente district',45),(1551,'','The incident occurred in the Aro Sharow refugee camp in the Darfur region.','Unknown',195),(1552,'','The incident occurred in the Bayoro village of the district.','Macenta district',84),(1553,'','The incident occurred in the Darfur region.','Unknown',195),(1554,'','The incident occurred in the Imotong mountain range.','Idiefe',195),(1555,'','The incident occurred in the Imotong mountain range.','Obeyok',195),(1556,'','The incident occurred in the Imotong mountain range.','Kubaya',195),(1557,'','The incident occurred in the Imotong mountain range.','Lotele',195),(1558,'','The incident occurred in the Imotong mountain range.','Lohui',195),(1559,'','The incident occurred in the Jordan Valley','Unknown',97),(1560,'','The incident occurred in the Kotizu village of the district.','Macenta district',84),(1561,'','The incident occurred in the Little Baguio neighborhood of the city','San Juan',160),(1562,'','The incident occurred in the Maco neighborhood of the city.','Davao City',160),(1563,'','The incident occurred in the Madina district of southwestern Mogadishu.','Mogadishu',182),(1564,'','The incident occurred in the Mazza district of Damascus.','Damascus',200),(1565,'','The incident occurred in the Meshchansky neighborhood, at the Rizhskaya Metro Station.','Moscow',167),(1566,'','The incident occurred in the Narayani zone.','Chitwan district',141),(1567,'','The incident occurred in the Pidie district.','Reng Krueng',93),(1568,'','The incident occurred in the settlement of Itamar near the West Bank city of Nablus','Itamar',155),(1569,'','The incident occurred in the Sokolalu Tekoulo village of the district.','Gueckedou district',84),(1570,'','The incident occurred in the U. P. Campus of Quezon City','Quezon City',160),(1571,'','The incident occurred in the U. P. Campus of Quezon City','Quezon City',160),(1572,'','The incident occurred in the vicinity of the city.','Boston',160),(1573,'','The incident occurred in the Wajir North district.','Gurar',104),(1574,'','The incident occurred in the Yamba district of the province.','Unknown',47),(1575,'','The incident occurred in the Zavodskoy area.','Grozny',167),(1576,'','The incident occurred in Zamboanga City','Zamboanga City',160),(1577,'','The incident occurred just offshore of the Port of Aden.','Aden',228),(1578,'','The incident occurred just outside of Pardes Hanna.','Pardes Hanna',97),(1579,'','The incident occurred midway between the village of El Flaye and the town of Sidi Aich.','El Flaye',6),(1580,'','The incident occurred near General Santos','General Santos',160),(1581,'','The incident occurred near Lhok Aman in Meukuk, Aceh Province, Indonesia.','Lhok Aman',93),(1582,'','The incident occurred near Shahjoy, Afghanistan.','Shahjoy district',4),(1583,'','The incident occurred near the city.','Kfar Aza',97),(1584,'','The incident occurred near the Jabr commercial neighborhood.','Amman',102),(1585,'','The incident occurred near the Jebel Amman commerical district.','Amman',102),(1586,'','The incident occurred near the Universidad de Medellin','Medellin',45),(1587,'','The incident occurred near Tuburan, Basilan','Tuburan',160),(1588,'','The incident occurred north of Torit in Kor village.','Kor',195),(1589,'','The incident occurred on a bus traveling from Netzarim to the Qarni checkpoint.','Netzarim',155),(1590,'','The incident occurred on a plane that left Shiraz and landed in Isfahan, Iran.','Shiraz',94),(1591,'','The incident occurred on a railway line near Ciudad Real, Spain.','Ciudad Real',185),(1592,'','The incident occurred on a road just west of Baghdad','Baghdad',95),(1593,'','The incident occurred on a road leading to the Kissufim settlement.','Kissufim',97),(1594,'','The incident occurred on a road near Tulkarem.','Tulkarem',155),(1595,'','The incident occurred on a Saudi Arabian Airlines flight, which was flying from Jeddah, Saudi Arabia to London, United Kingdom, but ultimately landed in Baghdad, Iraq.','Jeddah',173),(1596,'','The incident occurred on al-Olayya road in Riyadh.','Riyadh',173),(1597,'','The incident occurred on Ben Gurion Street in the city.','Petah Tiqwa',97),(1598,'','The incident occurred on East 20th Street and Forest Avenue.','Chico',217),(1599,'','The incident occurred on ferry departing from Manila','Manila',160),(1600,'','The incident occurred on Grant Street.','Eugene',217),(1601,'','The incident occurred on Herzl St in the city.','Tel Aviv',97),(1602,'','The incident occurred on Herzl St in the city.','Tel Aviv',97),(1603,'','The incident occurred on King George street.','Jerusalem',97),(1604,'','The incident occurred on Main Street.','Jinja',213),(1605,'','The incident occurred on Pemba Island.','Unknown',203),(1606,'','The incident occurred on Pike Street in the Kitty area of the city.','Georgetown',86),(1607,'','The incident occurred on Scindia road.','Jinja',213),(1608,'','The incident occurred On the Atarot-Givat Ze\'ev road near the Atarot industrial area.','Jerusalem',155),(1609,'','The incident occurred on the Baku-Rostov highway, between Grozny and Nazran.','Assinovskaya',167),(1610,'','The incident occurred on the Mozdok- Khankala-Grozny railway, near Argun, in Chechnya, Russia','Argun',167),(1611,'','The incident occurred on the road between Gush Katif and Kissufim crossing','Gush Qatif',155),(1612,'','The incident occurred outside Mehola.','Mehola',155),(1613,'','The incident occurred outside of the victim\'s house at Dadisar village of Tral, in Pulwama District, in South Kashmir.','Dadsara',92),(1614,'','The incident took place at the Mamara Hotel in Istanbul\'s Taksim District.','Istanbul',209),(1615,'','The incident took place at Tumalacheruvu railway station in Guntur district, about 190 miles southeast of Hyderabad.','Tumalacheruvu',92),(1616,'','The incident took place in a mountain village near Tenes.','Tenes',6),(1617,'','The incident took place in a rural area of Yarang (District) of Pattani Province, which is near the capital city, Pattani','Pattani',205),(1618,'','The incident took place in an unspecified town with the Anantanag District, 31 miles south of Srinagar.','Anantnag district',92),(1619,'','The incident took place in the Omakay area, 3 km from Qalat.','Qalat',4),(1620,'','The incident took place near Halhoul, a West Bank town north of Hebron.','Halhol',155),(1621,'','The incident took place near Kfar Darom.','Kfar Darom',155),(1622,'','The incident took place near Sufa.','Unknown',155),(1623,'','The incident took place near the Katif settlement bloc in the Gaza Strip.','Gush Qatif',155),(1624,'','The incident took place near the Kfar Darom Jewish settlement.','Kfar Darom',155),(1625,'','The incident took place off the Erez Crossing.','Erez',97),(1626,'','The incident took place on the road leading to the rubber plantation from his home in the village','Lubo Sawo',205),(1627,'','The Iskandar Muda Aceh dormitory for students in Setiabudi, in the subdistrict of Guntur, in Jakarta','Setiabudi',93),(1628,'','The Iush Ramna Park, near the main stage during an open-air concert, in Dhaka district','Dhaka',19),(1629,'','The Jaan Maliks school, a girls school in Ghazni, 120 km west of Kabul','Ghazni',4),(1630,'','The Jammu railway station','Jammu',92),(1631,'','The Jenin bypass road between the Ganim and Kadim settlements, near the Jalameh junction and Dotan','Jenin',155),(1632,'','The Jericho bypass road one kilometer north of the Allenby Bridge','Jericho',155),(1633,'','The junction of Guderemesskaya and Sakhzavodskaya streets in Argun, 10 kilometers east of Grozny','Argun',167),(1634,'','The Kabul Hotel','Kabal',153),(1635,'','The Kasimpasa branch of Pamukbank in Istanbul','Istanbul',209),(1636,'','The Kebun Baru palm-oil plantation in Birem Bayeun district','Langsa',93),(1637,'','The kidnapping began in Pacho, 36 miles north of Bogota and ended in Zipaquira, 24 miles north of Bogota','Pacho',45),(1638,'','The Laotian end of the Friendship Bridge which ends at the Lao capital Vientiane','Vientiane',108),(1639,'','The Las Arenas quarter of Getxo, in the northern Basque region, Spain','Getxo',185),(1640,'','The lobby of Sharelink, a stock company, in Paralimni, 50 kilometers from Nicosia','Paralimni',53),(1641,'','The local District Attorney\'s office in Altamirano, Chiapas state in southern Mexico','Altamirano',130),(1642,'','The main bus stand in Batticaloa, near the police station','Batticaloa',186),(1643,'','The main military barracks in Suva, on Viti Levu island, Central Division','Suva',67),(1644,'','The Maronite Church of Mar Jirjis in Dikwanah, Beirut area','Mount Lebanon',110),(1645,'','The mayor\'s headquarters in Grozny','Grozny',167),(1646,'','The mayor\'s office in Argelia','Argelia',45),(1647,'','The mayor\'s office in Chiscas, north of Tunja','Chiscas',45),(1648,'','The mayor\'s office in Jurado Public Square','Jurado',45),(1649,'','The Mexican Embassy','Mexico City',130),(1650,'','The Mifgash Hashalom (Peace Meeting) gas station,  outside of Qalqilya, a city under Palestinian control and in the southern area of West Bank, near Kfar Sava, an city under Israeli control, and northwest of Jerusalem, Sharon district','Qalqilya',155),(1651,'','The minister\'s residence in Siroki Brijeg','Siroki Brijeg',28),(1652,'','The mountains in northeast Colombia','Unknown',45),(1653,'','The Muungano Centre in Goma','Goma',229),(1654,'','The National Election Board offices in Lima','Lima',159),(1655,'','The neighborhood of Higienopolis in the center of Sao Paulo city','Sao Paulo',30),(1656,'','The Nisanit-Elei Sinai road near Elei Sinai','Elei Sinai',155),(1657,'','The northeastern port city of Barrancabermeja','Barrancabermeja',45),(1658,'','The northeastern town of Bunia','Bunia',229),(1659,'','The office of Governor Pataki at 633 Third Avenue','New York City',217),(1660,'','The office of Kashmir Images located at Lambert Lane on Residency Road.','Srinagar',92),(1661,'','The office of Senator German Vargas','Bogota',45),(1662,'','The office of the 10th TV channel in Avtury village in Chechnya\'s district of Shali','Avtury',167),(1663,'','The office of the Eelam People\'s Democratic Party at Karaithivu Junction, in Karaithivu, 45 kilometres south of Batticaloa, in Ampara, 200 kilometers (125 miles) east of Colombo','Karaithivu',186),(1664,'','The office of the newspaper El Pais in Barcelona','Barcelona',185),(1665,'','The office of the Red Crescent Organization in Ankara, Central Anatolia region','Ankara',209),(1666,'','The offices of Corse-Matin newspaper in Aleria, in north Corsica','Aleria',69),(1667,'','The offices of La Razon newspaper in Madrid','Madrid',185),(1668,'','The offices of National Pilot newspaper located at 38 Dele Abubakar Road, Ilorin','Ilorin',147),(1669,'','The offices of the Daily News in the city center of Bulawayo','Bulawayo',231),(1670,'','The offices of the Environmental Program of the United Nations','Nairobi',104),(1671,'','The offices of Upali Newspapers in Colombo','Colombo',186),(1672,'','The offices of Voice of the People (VOP) radio station, in Milton Park neighborhood of Harare','Harare',231),(1673,'','The oil fields of Exxon Mobil','Unknown',93),(1674,'','The Opiti Roman Catholic mission in Omoro county, 40 kilometres southeast of Gulu','Gulu',213),(1675,'','The outdoor market in Kosovo Polje, west of Pristina','Kosovo Polje',1003),(1676,'','The palace of Kandahar\'s provincial governor, Gul Agha','Kandahar',4),(1677,'','The Pan Manipur Youth League building located at Konung Lampak','Imphal',92),(1678,'','The Pan-American Highway; the Pereira-Belen de Umbria section','Belen de Umbria district',45),(1679,'','The parking lot of a shopping mall in Guatemala City','Guatemala City',83),(1680,'','The parking lot of the Sri Betong Hotel in Betong district, Yala province','Betong',205),(1681,'','The Pasto airport in Narino province','Pasto',45),(1682,'','The perpetrators setup a bogus checkpoint in the municipality of Ain Torqui, east of the town of Khemis Miliana, 80 km west of Algiers.','Khemis Miliana',6),(1683,'','The plane disappeared while on a domestic flight between Barinas and Guasdualito, traveling along the Colombia-Venezuela border','Unknown',222),(1684,'','The police station in San Vicente del Caguan','San Vicente del Caguan',45),(1685,'','The police station in Tearce, 35 kilometers northwest of Skopje','Tearce',118),(1686,'','The port town of Baia Farta, near Benguela, 450 kilometers south of Luanda','Baia Farta',8),(1687,'','The printing house of Daily Print in the city center of Bulawayo','Bulawayo',231),(1688,'','The printing office of the Colombo Sudar Oli daily newspaper, located on Madampitiya Road at Grandpass in Colombo','Colombo',186),(1689,'','The Profiline factory on the outskirts of Shaked, on the Shahak industrial complex, near Jenin','Shaked',155),(1690,'','The provincial prison in Pursat, 200 kilometers northwest of Phnom Penh','Pursat',36),(1691,'','The Qarandare area of Isiolo district along Barut Kipsing road, 240 kilometers northeast of Nairobi','Qarandare',104),(1692,'','The Ramallah neighborhood of Al Baluah','Ramallah',155),(1693,'','The road between Kiryat Sefer and Harbata','Kiryat Sefer',155),(1694,'','The road linking M\'sila with Ain Rich, 250 kilometers southeast of Algiers','M\'sila',6),(1695,'','The Roxy movie house in Satkhira','Satkhira',19),(1696,'','The Satkhira stadium','Satkhira',19),(1697,'','The Serbian Radical Party headquarters in New Belgrade district, Belgrade','Belgrade',235),(1698,'','The settlement of Ofrah, close to Ramallah','Ofrah',155),(1699,'','The Shali inter-district court','Shali',167),(1700,'','The Sharan hotel in Rajouri, southern Kashmir','Rajouri',92),(1701,'','The Shobashobane village in Izingolweni','Shobashobane',183),(1702,'','The shooting occurred on a street in the Panjwayi (District) of Kandahar (Province)','Panjwayi',4),(1703,'','The Sirimapura police bunker in Uppuveli','Trincomalee',186),(1704,'','The Southerton neighborhood of Harare','Harare',231),(1705,'','The Spartak central stadium in Vladikavkaz','Vladikavkaz',167),(1706,'','The suburb of Petionville','Petionville',87),(1707,'','The Than Yong Mat subdistrict','Narathiwat',205),(1708,'','The Toquepala copper mine and the mining town of Masocruz','Mazocruz',159),(1709,'','The town of Baldia in Karachi','Karachi',153),(1710,'','The town of Batticaloa, 220 kilometers (140 miles) east of Colombo','Batticaloa',186),(1711,'','The town of Granada, 125 miles northwest of Bogota','Granada',45),(1712,'','The town of Hato Nuevo, near the Venezuelan border','Hato Nuevo',45),(1713,'','The town of Kitgum, including the home of the Anglican Bishop','Kitgum',213),(1714,'','The town of Munini, 140 kilometers from Bujumbura','Munini',34),(1715,'','The Valledupar-Bosconia road in Cesar Department','Unknown',45),(1716,'','The victim was abducted from a restaurant in Colombo but his body was found in Talangama, about 10 kilometers (6 miles) outside Colombo','Colombo',186),(1717,'','The victim\'s home in Agish-Betoi village in Vedeno district','Agishbetoy',167),(1718,'','The victim\'s home in Guatemala City','Guatemala City',83),(1719,'','The victim\'s home in Tokyo','Tokyo',101),(1720,'','The victim\'s home on Estrada Diliz Street in Getxo','Getxo',185),(1721,'','The victim\'s home on UDB road in Hotoro GRA in Kano','Kano',147),(1722,'','The victim\'s house in Anantnag in south Kashmir','Anantnag',92),(1723,'','The victim\'s house in Bandipora area of Baramula District','Bandipora',92),(1724,'','The victim\'s house in Poteru village, 600 km south of Bhubaneshwar','Poteru',92),(1725,'','The victims\' home in Sidi Gouzil, Medea province, 80 kilometres south of Algiers','Sidi Gouzil',6),(1726,'','The victims\' home near Simuluguri, in Sibsagar district, 390 kilometers from Guwahati','Simuluguri',92),(1727,'','The victims\' house at Bouharoun, approximately 70 kilometers west of Algiers','Bouharoun',6),(1728,'','The Vietnamese embassy','Bangkok',205),(1729,'','The village church in La Argentina','La Argentina',45),(1730,'','The village of Chengue in northern Colombia','Chengue',45),(1731,'','The village of Kulur, on Haruku island east of Ambon','Kulur',93),(1732,'','The village of Madhopur in Muzffarpur district, Motipur block','Madhopur',92),(1733,'','The village of Ortega, 250 miles west of Bogota','Ortega',45),(1734,'','The village of Ouled Mahieddine, near Tenes, 200 km west of Algiers.','Ouled Mahieddine',6),(1735,'','The village of Palpora, near Pattan, 30 km north of Srinagar','Souch Palpora',92),(1736,'','The village of Santa Cecilia, in Cesar province','Santa Cecilia',45),(1737,'','The village of Sonapah in Kashmir\'s district of Badgam near the town of Beerwah','Sonpah',92),(1738,'','The warehouse of Afghan Construction and Logistics Unit, located 400 meters from the Darunta dam, approximately eight kilometers west of Jalalabad','Jalalabad',4),(1739,'','The welfare center for Internally Displaced People (IDP) at Mandan, Thirukkovil, in the Batticaloa district','Thirukkovil',186),(1740,'','This attack occurred 10 minutes south of Sungai Kolok by train.','Sungai Kolok',205),(1741,'','This attack occurred 120 miles south of Moscow.','Gluboky',167),(1742,'','This attack occurred 500 miles south of Moscow.','Rostov-on-Don',167),(1743,'','This attack occurred at a bar near Tamda.','Tamda',6),(1744,'','This attack occurred at a U.S. highway checkpoint north of Najaf.','Najaf',95),(1745,'','This attack occurred at the Abia camp for internally displaced persons near the city of Lira in the Lira District, approximately 185 miles north of Kampala, the Ugandan capital.','Lira',213),(1746,'','This attack occurred at the entrance to the Ariel settlement','Ariel',155),(1747,'','This attack occurred close to the Shluhot kibbutz, near Beit Shean in North District, Israel.','Beit Shean',97),(1748,'','This attack occurred en route to the Kabul airport close to the east side of the city.','Kabul',4),(1749,'','This attack occurred in the Chelkovskoy area.','Shelkovskaya',167),(1750,'','This attack occurred in the northern region of Kurdistan.','Unknown',95),(1751,'','This attack occurred near Cabusao.','Cabusao',160),(1752,'','This attack occurred near Udhampur, in the Gool area','Udhampur',92),(1753,'','This attack occurred on an island 12 miles off the coast of Kuwait City','Kuwait',106),(1754,'','This attack occurred on the way from Mozdok to the Prokhladny military airbase located 4 miles away from Mozdok.','Mozdok',167),(1755,'','This attack took place near Manila','Manila',160),(1756,'','This incident occurred 10 miles outside Cali.','Cali',45),(1757,'','This incident occurred 12 miles north of Burundi\'s capital, Bujumbura.','Bujumbura',34),(1758,'','This incident occurred 50 kilometers north of the city of Astrakhan.','Aksarayskiy',167),(1759,'','This incident occurred 8km from Mitu.','Mitu',45),(1760,'','This incident occurred a few miles northwest of Grozny.','Grozny',167),(1761,'','This incident occurred at a bus stop near the Jewish settlement of Tomer, about 10 kilometers north of Jericho.','Tomer',155),(1762,'','This incident occurred at a military barracks approximately 15 kilometers west of the capital.','Phnom Penh',36),(1763,'','This incident occurred at a roadblock set up 35 miles south of Bogota.','Guayabetal district',45),(1764,'','This incident occurred at a security check point before entry into town.','Rosh Haayin',97),(1765,'','This incident occurred at an army base outside the town.','Pardes Hanna',97),(1766,'','This incident occurred at an Israeli Defence Forces checkpoint on Tunnel Road near Bethlehem.','Bethlehem',155),(1767,'','This incident occurred at an Israeli military base near the Erez border crossing in the northern Gaza Strip.','Erez',97),(1768,'','This incident occurred at an oil depot on National Route 5 near Prek Phneou.','Prek Phneou',36),(1769,'','This incident occurred at Salerno Military base, near the city of Khost.','Khost',4),(1770,'','This incident occurred at the Erez border crossing between Israel and the Gaza Strip.','Erez',97),(1771,'','This incident occurred at the Israeli settlement of Einav, near Tulkarem, in the West Bank.','Einav',155),(1772,'','This incident occurred at the Ozturk Recreation Center, located five km from Resadiye District.','Resadiye District',209),(1773,'','This incident occurred at Utria National Park near Bahia Solano.','Bahia Solano district',45),(1774,'','This incident occurred between Chmi and Verchni Lars.','Between Chmi and Verchni Lars',167),(1775,'','This incident occurred between the Palestinian town of Khan Younis and the Jewish settlement of Kfar Darom.','Khan Yunis',155),(1776,'','This incident occurred en route to Medellin.','Medellin district',45),(1777,'','This incident occurred five kilometers west of Karbala.','Karbala',95),(1778,'','This incident occurred in an olive grove outside the Jewish settlement of Itamar.','Itamar',155),(1779,'','This incident occurred in area known as Guerne in Guerrouche mountain, some 10 km from Laouana Municipality, near Jijel.','Laouana  Municipality',6),(1780,'','This incident occurred in Myanmar waters near the Thai port of Ranong.','Unknown',138),(1781,'','This incident occurred in the Hari area of Poonch District.','Hari',92),(1782,'','This incident occurred in the northern suburbs of Athens.','Athens',78),(1783,'','This incident occurred in the outskirts of Mumbai.','Mumbai',92),(1784,'','This incident occurred in the Weather Coast region, 120 km southeast of Honiara.','Weather Coast',181),(1785,'','This incident occurred near Baiji.','Baiji',95),(1786,'','This incident occurred near Bucaramanga along the road to Cucuta.','Bucaramanga district',45),(1787,'','This incident occurred near Isser on the road leading to Chaabet El-Ameur.','Issers',6),(1788,'','This incident occurred near Los Palos.','Los Palos',93),(1789,'','This incident occurred near Qiryat Arba-Hebron.','Kiryat Arba',155),(1790,'','This incident occurred near Tashkent.','Tashkent',219),(1791,'','This incident occurred near the Kalandia checkpoint on the road between Jerusalem and Ramallah.','Qalandiyah',155),(1792,'','This incident occurred near the settlement of Chauvay in the vicinity of Kizilkiya, Kyrgyzstan.','Chauvay',107),(1793,'','This incident occurred near the village of Siem Reap.','Siem Reap',36),(1794,'','This incident occurred near Zamboanga.','Zamboanga City',160),(1795,'','This incident occurred near Zhani-Vedeno.','Zhani-Vedeno',167),(1796,'','This incident occurred north of Maliana.','Maliana',93),(1797,'','This incident occurred on a road close to the town of Fundacion','Fundacion district',45),(1798,'','This incident occurred on a road near the town of Lamitan','Lamitan',160),(1799,'','This incident occurred on a road outside of Borlangpha.','Karbi Anglong district',92),(1800,'','This incident occurred on a road outside the town of Klokot.','Klokot',1003),(1801,'','This incident occurred on an Air France flight from Marseille to Paris.','Paris',69),(1802,'','This incident occurred on anairplane traveling from Tehran to the northwestern city of Orumiyeh, Iran.','Tehran',94),(1803,'','This incident occurred on Haifa Street right near the Iranian Embassy.','Baghdad',95),(1804,'','This incident occurred on the Kabul-Gardiz highway at the town of al-Tamur.','Altamur',4),(1805,'','This incident occurred on the Kosovo-Macedonia Border near Gorance, Federal Republic of Yugoslavia (FRY).','Goronce',1003),(1806,'','This incident occurred on the Magdalena River near Bocas de Sogamoso in Colombia.','Bocas de Sogamoso',45),(1807,'','This incident occurred on the portion of highway between Habban and Aden that passes through Sanaa.','Sanaa',228),(1808,'','This incident occurred outside of Sitio Danao.','Danao',160),(1809,'','This incident occurred outskirts of Jola.','Jolo',160),(1810,'','This incident occurred ten miles northeast of the city center.','Colombo',186),(1811,'','This incident took place along the border fence north of the Qatif Crossing.','Qatif',155),(1812,'','This incident took place at an Israeli Military checkpoint in the Gaza Strip.','Gaza',155),(1813,'','This incident took place at the 40-km point on the highway to the sea between Cali and Buenaventura in Valle del Cauca Department.','Buenaventura district',45),(1814,'','This incident took place at the Gudermes-Argun railway section in Chechnya Republic, Russia.','Between Gudermes and Argun',167),(1815,'','This incident took place at the Qatif Bloc junction near Kefar Darom, the Gaza Strip, Palestine.','Kfar Darom',155),(1816,'','This incident took place near an Israeli military base at the Bardis Hanna intersection outside Hadera in Haifa District, Israel.','Hadera',97),(1817,'','This incident took place near the Shali District Centeri, 15 miles southeast of Grozny.','Shali',167),(1818,'','This incident took place southwest of Tunis, 400 meters from the Algerian-Tunisian border.','Unknown',208),(1819,'','This incident was took place between the Normanhurst and Thornleigh suburbs of Sydney.','Normahurst',14),(1820,'','This inicident occurred near Rehovot.','Rehovot',97),(1821,'','Three kilometers east of Kibbutz Nahshonim','Rosh Haayin',97),(1822,'','Tiddim road leading to Imphal airport','Imphal',92),(1823,'','Tigirine Forest','Timiri Moussa',6),(1824,'','Tipaza province, approximately 70 kms from Algiers','Unknown',6),(1825,'','To the north of Bogota','Duitama',45),(1826,'','Top of Chalaa mountains; Kasro region','Djebel Chla\'la',6),(1827,'','Town center','Laghouat',6),(1828,'','Town of Dragash','Dragash',1003),(1829,'','Trappes, a western suburb of Paris.','Paris',69),(1830,'','Trimbli village in Udhampur District, 65 kilometers east of Jammu','Trimblii',92),(1831,'','Turbo town, 600 miles northwest of Bogota','Turbo',45),(1832,'','Two army installations in Perak state','Sauk',121),(1833,'','Two barrios of Tibu, near the Venezuelan border','Tibu',45),(1834,'','Two blocks from the presidential palace','Bogota',45),(1835,'','Two cargo planes outside Kuito by twenty nautical miles and 360 miles from Luanda','Kuito',8),(1836,'','Two kilometers from the eastern entrance to Adekar on National Road 12','Adekar',6),(1837,'','Tyne and Wear (County)','Whitley Bay',603),(1838,'','Tyne and Wear. A pet supplier on the outskirts of Newcastle','Newcastle upon Tyne',603),(1839,'','Tyrone. Outside the Sion Mills police station in County Tyrone','Sion Mills',603),(1840,'','Udayar junction on Beach road, Kalmunai, 220 kms from Colombo in the Ampara district','Kalmunai',186),(1841,'','Ulis, a southern Paris suburb.','Paris',69),(1842,'','Ulitsa Dokukina in the Rostokino neighborhood.','Moscow',167),(1843,'','Ulster (Province)','Belfast',603),(1844,'','Ulster (Province)','Lisburn',603),(1845,'','Ulster (Province)','Newry',603),(1846,'','Ulster (Province). Newtownards Road','Belfast',603),(1847,'','Ulster. A residence on Cypress Avenue in Cyprus Park, in County Antrim','Cloughmills',603),(1848,'','Ulster. In a park near Hillsborough Castle outside of Belfast','Hillsborough',603),(1849,'','Ulster. In the area of Ballykeel, in County Antrim','Ballymena',603),(1850,'','Unknown','Chittagong',19),(1851,'','Unknown','Unknown',45),(1852,'','Unknown','Unknown',92),(1853,'','Unknown','Unknown',95),(1854,'','Unknown','Unknown',95),(1855,'','Unknown','Unknown',137),(1856,'','Unknown','Unknown',30),(1857,'','Uraur village on the west coast of Seram','Uraur',93),(1858,'','Utta village in the Gorong area','Utta',93),(1859,'','Valentin Tsvetkov was shot on Moscows Novy Arbot thoroughfare.','Moscow',167),(1860,'','Valerik village in Achkhoi-Martan district','Valernik',167),(1861,'','Vanvasi Kalyan Ashram in the Kanchanchara area of Dhalai district','Dhalai district',92),(1862,'','Veeramunai, in Ampara district, about 220 kilometers (130 miles) east of Colombo','Veeramunai',186),(1863,'','Vehari, in Khanewal district, approximately 320 kilometers south of Lahore','Vehari',153),(1864,'','Victim was abducted from house at No. 114 of Mutugala, in the general area of Sevanapitiya in Welikanda, east of Batticaloa; his body was found on the banks of a rural tank','Sewanapitiya',186),(1865,'','Village of Bourassem; municipality of Naciria','Stop',6),(1866,'','Village of Nagma in the district of Darghanga','Darbhanga district',92),(1867,'','Vladimir Golovlyov was shot while walking his dog in a park near Pyatnitskoye Shosse, in the Mitino district of Northern Moscow.','Moscow',167),(1868,'','Waimulang village in South Buru subdistrict on Buru island','Waimulang',93),(1869,'','Wanabal, on the outskirts of Srinagar','Srinagar',92),(1870,'','Weerasingham Hall in Jaffna center','Jaffna',186),(1871,'','Welikanda central bus stand, in Welikanda village, in the Polonnaruwa district, 215 kilometers (135 miles) northeast of Colombo','Welikanda',186),(1872,'','Wellawatte, traveling on Mallika Road','Colombo',186),(1873,'','West Baghdad','Baghdad',95),(1874,'','West of Tenes','Sidi Abdurrahmane',6),(1875,'','West Rogers Park neighborhood','Chicago',217),(1876,'','Western edge of Boghni; road leading toward Bounouh','Ighil Anane',6),(1877,'','Western edge of the municipality of Khadirat El Nukta','Chaki Bounini',6),(1878,'','Westminster (London Borough). Old Compton St. in Soho','London',603),(1879,'','Woods between Derrag and Boughar; 91 KM south of Algiers','Derrag',6),(1880,'','Woodside Gardens at 1208 Wood St.','Wilkinsburg',217),(1881,'','Wunen village in the Gorong area','Wunen',93),(1882,'','Yakawlang town and the surrounding district','Yakawlang',4),(1883,'','Yiraia village, 35 miles north of Koidu, Northern province','Yiraia',177),(1884,'','Zaccar mountains; 70 KM west of Algiers','Hammam Righa',6),(1885,'','Zancon, a rural area hamlet in Tierralta,  558 miles north of Bogota','Tierralta district',45),(1886,'','Zayf Elementary School in Yatta, south of Hebron city','Yatta',155),(1887,'','Zemoura, in Relizane province, 300 kms west of Algiers','Zemoura',6);
/*!40000 ALTER TABLE `locations` ENABLE KEYS */;
UNLOCK TABLES;

--
-- Table structure for table `regions`
--

DROP TABLE IF EXISTS `regions`;
/*!40101 SET @saved_cs_client     = @@character_set_client */;
/*!50503 SET character_set_client = utf8mb4 */;
CREATE TABLE `regions` (
  `region_id` int NOT NULL AUTO_INCREMENT,
  `region_name` varchar(45) COLLATE utf8mb4_unicode_ci NOT NULL,
  PRIMARY KEY (`region_id`)
) ENGINE=InnoDB AUTO_INCREMENT=13 DEFAULT CHARSET=utf8mb4 COLLATE=utf8mb4_unicode_ci;
/*!40101 SET character_set_client = @saved_cs_client */;

--
-- Dumping data for table `regions`
--

LOCK TABLES `regions` WRITE;
/*!40000 ALTER TABLE `regions` DISABLE KEYS */;
INSERT INTO `regions` VALUES (1,'North America'),(2,'Central America & Caribbean'),(3,'South America'),(4,'East Asia'),(5,'Southeast Asia'),(6,'South Asia'),(7,'Central Asia'),(8,'Western Europe'),(9,'Eastern Europe'),(10,'Middle East & North Africa'),(11,'Sub-Saharan Africa'),(12,'Australasia & Oceania');
/*!40000 ALTER TABLE `regions` ENABLE KEYS */;
UNLOCK TABLES;

--
-- Table structure for table `target_type`
--

DROP TABLE IF EXISTS `target_type`;
/*!40101 SET @saved_cs_client     = @@character_set_client */;
/*!50503 SET character_set_client = utf8mb4 */;
CREATE TABLE `target_type` (
  `target_id` int NOT NULL AUTO_INCREMENT,
  `target_description` varchar(255) COLLATE utf8mb4_unicode_ci NOT NULL,
  PRIMARY KEY (`target_id`)
) ENGINE=InnoDB AUTO_INCREMENT=114 DEFAULT CHARSET=utf8mb4 COLLATE=utf8mb4_unicode_ci;
/*!40101 SET character_set_client = @saved_cs_client */;

--
-- Dumping data for table `target_type`
--

LOCK TABLES `target_type` WRITE;
/*!40000 ALTER TABLE `target_type` DISABLE KEYS */;
INSERT INTO `target_type` VALUES (1,'Gas/Oil/Electric'),(2,'Restaurant/Bar/Caf'),(3,'Bank/Commerce'),(4,'Multinational Corporation'),(5,'Industrial/Textiles/Factory'),(6,'Medical/Pharmaceutical'),(7,'Retail/Grocery/Bakery'),(8,'Hotel/Resort'),(9,'Farm/Ranch'),(10,'Mining'),(11,'Entertainment/Cultural/Stadium/Casino'),(12,'Construction'),(14,'Judge/Attorney/Court'),(15,'Politician or Political Party Movement/Meeting/Rally'),(16,'Royalty'),(17,'Head of State'),(18,'Government Personnel (excluding police, military)'),(19,'Election-related'),(20,'Intelligence'),(21,'Government Building/Facility/Office'),(22,'Police Building (headquarters, station, school)'),(23,'Police Patrol (including vehicles and convoys)'),(24,'Police Checkpoint'),(25,'Police Security Forces/Officers'),(26,'Prison/Jail'),(27,'Military Barracks/Base/Headquarters/Checkpost'),(28,'Military Recruiting Station/Academy'),(29,'Military Unit/Patrol/Convoy'),(30,'Military Weaponry'),(32,'Military Maritime'),(34,'Military Personnel (soldiers, troops, officers, forces)'),(35,'Military Transportation/Vehicle (excluding convoys)'),(36,'Military Checkpoint'),(37,'NATO'),(39,'Paramilitary'),(40,'Clinics'),(41,'Personnel'),(42,'Aircraft (not at an airport)'),(43,'Airline Officer/Personnel'),(44,'Airport'),(45,'Diplomatic Personnel (outside of embassy, consulate)'),(46,'Embassy/Consulate'),(47,'International Organization (peacekeeper, aid agency, compound)'),(48,'Teacher/Professor/Instructor'),(49,'School/University/Educational Building'),(50,'Other Personnel'),(53,'Newspaper Journalist/Staff/Facility'),(54,'Radio Journalist/Staff/Facility'),(55,'Television Journalist/Staff/Facility'),(57,'Civilian Maritime'),(58,'Commercial Maritime'),(59,'Oil Tanker'),(61,'Domestic NGO'),(62,'International NGO'),(65,'Refugee (including Camps/IDP/Asylum Seekers)'),(66,'Demilitarized Zone (including Green Zone)'),(67,'Unnamed Civilian/Unspecified'),(68,'Named Civilian'),(69,'Religion Identified'),(70,'Student'),(71,'Race/Ethnicity Identified'),(72,'Farmer'),(73,'Vehicles/Transportation'),(74,'Marketplace/Plaza/Square'),(75,'Village/City/Town/Suburb'),(76,'House/Apartment/Residence'),(77,'Laborer (General)/Occupation Identified'),(78,'Procession/Gathering (funeral, wedding, birthday, religious)'),(79,'Public Area (garden, parking lot, garage, beach, public building, camp)'),(80,'Memorial/Cemetery/Monument'),(81,'Museum/Cultural Center/Cultural House'),(82,'Labor Union Related'),(83,'Protester'),(84,'Political Party Member/Rally'),(85,'Religious Figure'),(86,'Place of Worship'),(89,'Television'),(90,'Telephone/Telegraph'),(93,'Terrorist'),(94,'Non-State Militia'),(96,'Tour Bus/Van'),(97,'Tourist'),(98,'Other Facility'),(99,'Bus (excluding tourists)'),(100,'Train/Train Tracks/Trolley'),(101,'Bus Station/Stop'),(102,'Subway'),(103,'Bridge/Car Tunnel'),(105,'Taxi/Rickshaw'),(106,'Gas'),(107,'Electricity'),(108,'Oil'),(109,'Party Official/Candidate/Other Personnel'),(110,'Party Office/Facility'),(113,'Alleged Informant');
/*!40000 ALTER TABLE `target_type` ENABLE KEYS */;
UNLOCK TABLES;
/*!40103 SET TIME_ZONE=@OLD_TIME_ZONE */;

/*!40101 SET SQL_MODE=@OLD_SQL_MODE */;
/*!40014 SET FOREIGN_KEY_CHECKS=@OLD_FOREIGN_KEY_CHECKS */;
/*!40014 SET UNIQUE_CHECKS=@OLD_UNIQUE_CHECKS */;
/*!40101 SET CHARACTER_SET_CLIENT=@OLD_CHARACTER_SET_CLIENT */;
/*!40101 SET CHARACTER_SET_RESULTS=@OLD_CHARACTER_SET_RESULTS */;
/*!40101 SET COLLATION_CONNECTION=@OLD_COLLATION_CONNECTION */;
/*!40111 SET SQL_NOTES=@OLD_SQL_NOTES */;

-- Dump completed on 2023-05-30 20:11:57
